START_ID,END_ID,TYPE
http://data.europa.eu/esco/skill/43f425aa-f45d-4bb4-a200-6f82fa211b66,http://data.europa.eu/esco/skill/e35a5936-091d-4e87-bafe-f264e55bd656,IS_A_SUBSKILL_OF
http://data.europa.eu/esco/skill/e434e71a-f068-44ed-8059-d1af9eb592d7,http://data.europa.eu/esco/skill/e35a5936-091d-4e87-bafe-f264e55bd656,IS_A_SUBSKILL_OF
http://data.europa.eu/esco/skill/03e0b95b-67d1-457a-b3f7-06c407cf6bec,http://data.europa.eu/esco/skill/335228d2-297d-4e0e-a6ee-bc6a8dc110d9,IS_A_SUBSKILL_OF
http://data.europa.eu/esco/skill/15dfca7a-5dde-4199-bad3-c00600387258,http://data.europa.eu/esco/skill/03e0b95b-67d1-457a-b3f7-06c407cf6bec,IS_A_SUBSKILL_OF
http://data.europa.eu/esco/skill/61d1dab2-6007-4b7c-9380-cd88207fa30f,http://data.europa.eu/esco/skill/15dfca7a-5dde-4199-bad3-c00600387258,IS_A_SUBSKILL_OF
http://data.europa.eu/esco/skill/8bde58aa-9d5b-422b-801c-ff9186dd648e,http://data.europa.eu/esco/skill/15dfca7a-5dde-4199-bad3-c00600387258,IS_A_SUBSKILL_OF
http://data.europa.eu/esco/skill/f8c676de-c871-424f-9a65-77059d07910a,http://data.europa.eu/esco/skill/15dfca7a-5dde-4199-bad3-c00600387258,IS_A_SUBSKILL_OF
http://data.europa.eu/esco/skill/1cc5ff0b-afaa-4993-9de7-ab0d77b6cca2,http://data.europa.eu/esco/skill/03e0b95b-67d1-457a-b3f7-06c407cf6bec,IS_A_SUBSKILL_OF
http://data.europa.eu/esco/skill/30b280e7-2468-440b-a78f-f1e7f515d60a,http://data.europa.eu/esco/skill/1cc5ff0b-afaa-4993-9de7-ab0d77b6cca2,IS_A_SUBSKILL_OF
http://data.europa.eu/esco/skill/577ce84f-0d21-4f25-8307-99c53f6f8437,http://data.europa.eu/esco/skill/1cc5ff0b-afaa-4993-9de7-ab0d77b6cca2,IS_A_SUBSKILL_OF
http://data.europa.eu/esco/skill/682bb7ca-dbe9-4c33-9c7a-1ae56e28516e,http://data.europa.eu/esco/skill/1cc5ff0b-afaa-4993-9de7-ab0d77b6cca2,IS_A_SUBSKILL_OF
http://data.europa.eu/esco/skill/e852a2ed-c32e-4a39-bc4c-65a78ffe6bf2,http://data.europa.eu/esco/skill/1cc5ff0b-afaa-4993-9de7-ab0d77b6cca2,IS_A_SUBSKILL_OF
http://data.europa.eu/esco/skill/e963cf1f-dc3c-48b2-a0fa-274f5e7f50f6,http://data.europa.eu/esco/skill/1cc5ff0b-afaa-4993-9de7-ab0d77b6cca2,IS_A_SUBSKILL_OF
http://data.europa.eu/esco/skill/1d9e5893-d6b2-47b1-80ba-5f1cdcbf5e9a,http://data.europa.eu/esco/skill/03e0b95b-67d1-457a-b3f7-06c407cf6bec,IS_A_SUBSKILL_OF
http://data.europa.eu/esco/skill/0f8f9438-8529-41b8-bb7a-4d91121e3192,http://data.europa.eu/esco/skill/1d9e5893-d6b2-47b1-80ba-5f1cdcbf5e9a,IS_A_SUBSKILL_OF
http://data.europa.eu/esco/skill/480a0b1b-aae9-4b39-9a4f-1c2b8ddcbc46,http://data.europa.eu/esco/skill/1d9e5893-d6b2-47b1-80ba-5f1cdcbf5e9a,IS_A_SUBSKILL_OF
http://data.europa.eu/esco/skill/6d535249-ac7c-4e44-8ada-09305c3a3900,http://data.europa.eu/esco/skill/1d9e5893-d6b2-47b1-80ba-5f1cdcbf5e9a,IS_A_SUBSKILL_OF
http://data.europa.eu/esco/skill/74b7938e-f667-48ff-a26d-faed294ac6c9,http://data.europa.eu/esco/skill/1d9e5893-d6b2-47b1-80ba-5f1cdcbf5e9a,IS_A_SUBSKILL_OF
http://data.europa.eu/esco/skill/4364e0cd-66ad-4f0c-b96d-0ea6796067cb,http://data.europa.eu/esco/skill/03e0b95b-67d1-457a-b3f7-06c407cf6bec,IS_A_SUBSKILL_OF
http://data.europa.eu/esco/skill/762f3830-baa8-4a7e-a5de-b49037d80885,http://data.europa.eu/esco/skill/4364e0cd-66ad-4f0c-b96d-0ea6796067cb,IS_A_SUBSKILL_OF
http://data.europa.eu/esco/skill/888f286e-272f-4e54-8a3b-9fa391870618,http://data.europa.eu/esco/skill/4364e0cd-66ad-4f0c-b96d-0ea6796067cb,IS_A_SUBSKILL_OF
http://data.europa.eu/esco/skill/b7c82b1b-cff9-4641-a62f-e4e28395eade,http://data.europa.eu/esco/skill/4364e0cd-66ad-4f0c-b96d-0ea6796067cb,IS_A_SUBSKILL_OF
http://data.europa.eu/esco/skill/462f8805-3c0b-43c6-8bef-592b87939763,http://data.europa.eu/esco/skill/03e0b95b-67d1-457a-b3f7-06c407cf6bec,IS_A_SUBSKILL_OF
http://data.europa.eu/esco/skill/8066edda-60e7-4e41-966b-4be09b049ab3,http://data.europa.eu/esco/skill/462f8805-3c0b-43c6-8bef-592b87939763,IS_A_SUBSKILL_OF
http://data.europa.eu/esco/skill/bf4822d3-1f66-499d-afc9-151a9ba33e58,http://data.europa.eu/esco/skill/462f8805-3c0b-43c6-8bef-592b87939763,IS_A_SUBSKILL_OF
http://data.europa.eu/esco/skill/c098d6c1-dfee-4b02-8ce5-c6d80c98e18b,http://data.europa.eu/esco/skill/462f8805-3c0b-43c6-8bef-592b87939763,IS_A_SUBSKILL_OF
http://data.europa.eu/esco/skill/f1612d7a-0338-4b0f-a2a4-86b5168e2596,http://data.europa.eu/esco/skill/462f8805-3c0b-43c6-8bef-592b87939763,IS_A_SUBSKILL_OF
http://data.europa.eu/esco/skill/56c3ea4b-7cea-44da-969c-c21b07a55030,http://data.europa.eu/esco/skill/03e0b95b-67d1-457a-b3f7-06c407cf6bec,IS_A_SUBSKILL_OF
http://data.europa.eu/esco/skill/22d15a65-7262-4a6d-b981-53671b95ad29,http://data.europa.eu/esco/skill/56c3ea4b-7cea-44da-969c-c21b07a55030,IS_A_SUBSKILL_OF
http://data.europa.eu/esco/skill/821ecf8f-3c2a-4b89-a9f1-b2aa7fb0b625,http://data.europa.eu/esco/skill/03e0b95b-67d1-457a-b3f7-06c407cf6bec,IS_A_SUBSKILL_OF
http://data.europa.eu/esco/skill/2bf2c727-ee42-4fc5-a4d7-2cd62b880433,http://data.europa.eu/esco/skill/821ecf8f-3c2a-4b89-a9f1-b2aa7fb0b625,IS_A_SUBSKILL_OF
http://data.europa.eu/esco/skill/3b86c15f-3f66-4e50-abf5-544f2a942a0b,http://data.europa.eu/esco/skill/821ecf8f-3c2a-4b89-a9f1-b2aa7fb0b625,IS_A_SUBSKILL_OF
http://data.europa.eu/esco/skill/7a8c9402-0550-4966-9ff6-0d65b0f6b1fb,http://data.europa.eu/esco/skill/821ecf8f-3c2a-4b89-a9f1-b2aa7fb0b625,IS_A_SUBSKILL_OF
http://data.europa.eu/esco/skill/d69e45d3-1f3f-4e6a-8933-82e949277811,http://data.europa.eu/esco/skill/821ecf8f-3c2a-4b89-a9f1-b2aa7fb0b625,IS_A_SUBSKILL_OF
http://data.europa.eu/esco/skill/b8e142fe-e508-42b1-b037-efebcefac3a7,http://data.europa.eu/esco/skill/03e0b95b-67d1-457a-b3f7-06c407cf6bec,IS_A_SUBSKILL_OF
http://data.europa.eu/esco/skill/2ad2ee1c-afc9-402f-91ab-c9c0911b209d,http://data.europa.eu/esco/skill/b8e142fe-e508-42b1-b037-efebcefac3a7,IS_A_SUBSKILL_OF
http://data.europa.eu/esco/skill/37f2f637-1f54-4ea1-b677-5ca6cac24993,http://data.europa.eu/esco/skill/b8e142fe-e508-42b1-b037-efebcefac3a7,IS_A_SUBSKILL_OF
http://data.europa.eu/esco/skill/3eacdaa9-fe4a-49ba-a085-c798097cf8d4,http://data.europa.eu/esco/skill/b8e142fe-e508-42b1-b037-efebcefac3a7,IS_A_SUBSKILL_OF
http://data.europa.eu/esco/skill/528c2f16-139f-4a5b-8880-a6f02ed33f2a,http://data.europa.eu/esco/skill/b8e142fe-e508-42b1-b037-efebcefac3a7,IS_A_SUBSKILL_OF
http://data.europa.eu/esco/skill/592525ab-b517-4c55-8c65-17e0f5d99205,http://data.europa.eu/esco/skill/b8e142fe-e508-42b1-b037-efebcefac3a7,IS_A_SUBSKILL_OF
http://data.europa.eu/esco/skill/62023d5b-22ea-442e-ac46-39eb83c986fb,http://data.europa.eu/esco/skill/b8e142fe-e508-42b1-b037-efebcefac3a7,IS_A_SUBSKILL_OF
http://data.europa.eu/esco/skill/827de17d-3fc1-4ba5-b4e0-850c51e750c8,http://data.europa.eu/esco/skill/b8e142fe-e508-42b1-b037-efebcefac3a7,IS_A_SUBSKILL_OF
http://data.europa.eu/esco/skill/bd1242ec-6dd5-4c7d-bf79-8de6be3b3815,http://data.europa.eu/esco/skill/b8e142fe-e508-42b1-b037-efebcefac3a7,IS_A_SUBSKILL_OF
http://data.europa.eu/esco/skill/f289347f-a76d-4d03-a648-74b53ed1e636,http://data.europa.eu/esco/skill/b8e142fe-e508-42b1-b037-efebcefac3a7,IS_A_SUBSKILL_OF
http://data.europa.eu/esco/skill/d23b21ca-2ef5-4b5e-b37e-a5311dc2e292,http://data.europa.eu/esco/skill/03e0b95b-67d1-457a-b3f7-06c407cf6bec,IS_A_SUBSKILL_OF
http://data.europa.eu/esco/skill/424cce4d-71c9-47d9-93d6-4068403139f0,http://data.europa.eu/esco/skill/d23b21ca-2ef5-4b5e-b37e-a5311dc2e292,IS_A_SUBSKILL_OF
http://data.europa.eu/esco/skill/51ffd92f-7ff4-4c38-83d4-7350fcfd6968,http://data.europa.eu/esco/skill/d23b21ca-2ef5-4b5e-b37e-a5311dc2e292,IS_A_SUBSKILL_OF
http://data.europa.eu/esco/skill/57216e88-a0d3-4b8c-af6c-b8232b4f48c2,http://data.europa.eu/esco/skill/d23b21ca-2ef5-4b5e-b37e-a5311dc2e292,IS_A_SUBSKILL_OF
http://data.europa.eu/esco/skill/72fe5d9f-4ec8-4fc4-b1d3-0dd83be0aa1a,http://data.europa.eu/esco/skill/d23b21ca-2ef5-4b5e-b37e-a5311dc2e292,IS_A_SUBSKILL_OF
http://data.europa.eu/esco/skill/74052f13-4cae-4600-a4d3-8103004683f3,http://data.europa.eu/esco/skill/d23b21ca-2ef5-4b5e-b37e-a5311dc2e292,IS_A_SUBSKILL_OF
http://data.europa.eu/esco/skill/b82b2bad-41dd-40af-8242-e7d59a2ce786,http://data.europa.eu/esco/skill/d23b21ca-2ef5-4b5e-b37e-a5311dc2e292,IS_A_SUBSKILL_OF
http://data.europa.eu/esco/skill/e5419bb1-38c7-458a-b263-b7e73e02bc7e,http://data.europa.eu/esco/skill/03e0b95b-67d1-457a-b3f7-06c407cf6bec,IS_A_SUBSKILL_OF
http://data.europa.eu/esco/skill/3afcf547-cefc-493a-8abb-aaa8b7088e4f,http://data.europa.eu/esco/skill/e5419bb1-38c7-458a-b263-b7e73e02bc7e,IS_A_SUBSKILL_OF
http://data.europa.eu/esco/skill/42f18b92-1c20-46ed-bde0-9bc64ff1e475,http://data.europa.eu/esco/skill/e5419bb1-38c7-458a-b263-b7e73e02bc7e,IS_A_SUBSKILL_OF
http://data.europa.eu/esco/skill/7194cdea-bca7-4c4a-8d49-3cb54b89d5a0,http://data.europa.eu/esco/skill/e5419bb1-38c7-458a-b263-b7e73e02bc7e,IS_A_SUBSKILL_OF
http://data.europa.eu/esco/skill/77a2918f-5969-4545-a632-d3e6a853b2c5,http://data.europa.eu/esco/skill/e5419bb1-38c7-458a-b263-b7e73e02bc7e,IS_A_SUBSKILL_OF
http://data.europa.eu/esco/skill/9d0d6866-cd91-490b-9e3a-d0914ad95a2e,http://data.europa.eu/esco/skill/e5419bb1-38c7-458a-b263-b7e73e02bc7e,IS_A_SUBSKILL_OF
http://data.europa.eu/esco/skill/e52cd6e7-f8dc-4f6f-b988-5554423f53fb,http://data.europa.eu/esco/skill/e5419bb1-38c7-458a-b263-b7e73e02bc7e,IS_A_SUBSKILL_OF
http://data.europa.eu/esco/skill/edcfd6ef-1a42-4e0a-97e2-2a2d61cac181,http://data.europa.eu/esco/skill/e5419bb1-38c7-458a-b263-b7e73e02bc7e,IS_A_SUBSKILL_OF
http://data.europa.eu/esco/skill/f0f8ceea-304e-42e8-80cf-ff1535eb7068,http://data.europa.eu/esco/skill/e5419bb1-38c7-458a-b263-b7e73e02bc7e,IS_A_SUBSKILL_OF
http://data.europa.eu/esco/skill/f2840c73-9693-4cc0-8dc1-c44942263d5d,http://data.europa.eu/esco/skill/03e0b95b-67d1-457a-b3f7-06c407cf6bec,IS_A_SUBSKILL_OF
http://data.europa.eu/esco/skill/35045957-e9e4-44b1-801a-9a49f6efaece,http://data.europa.eu/esco/skill/f2840c73-9693-4cc0-8dc1-c44942263d5d,IS_A_SUBSKILL_OF
http://data.europa.eu/esco/skill/485b2e3b-f883-46d8-901f-ab521d4f8e58,http://data.europa.eu/esco/skill/f2840c73-9693-4cc0-8dc1-c44942263d5d,IS_A_SUBSKILL_OF
http://data.europa.eu/esco/skill/8da6cd59-61e1-43c4-8dfc-bc69d283ccc7,http://data.europa.eu/esco/skill/f2840c73-9693-4cc0-8dc1-c44942263d5d,IS_A_SUBSKILL_OF
http://data.europa.eu/esco/skill/e5e3b8d7-a96d-41f4-acb6-563b0f7f2994,http://data.europa.eu/esco/skill/f2840c73-9693-4cc0-8dc1-c44942263d5d,IS_A_SUBSKILL_OF
http://data.europa.eu/esco/skill/ff565308-8f29-4f1d-a342-9a29bd8b7446,http://data.europa.eu/esco/skill/03e0b95b-67d1-457a-b3f7-06c407cf6bec,IS_A_SUBSKILL_OF
http://data.europa.eu/esco/skill/ca5b2cf4-0f3e-4c47-b496-12d812a7e5d9,http://data.europa.eu/esco/skill/ff565308-8f29-4f1d-a342-9a29bd8b7446,IS_A_SUBSKILL_OF
http://data.europa.eu/esco/skill/0a2d70ee-d435-4965-9e96-702b2fb65740,http://data.europa.eu/esco/skill/335228d2-297d-4e0e-a6ee-bc6a8dc110d9,IS_A_SUBSKILL_OF
http://data.europa.eu/esco/skill/0101f8a4-4243-4e67-813b-3e2a6274f7e2,http://data.europa.eu/esco/skill/0a2d70ee-d435-4965-9e96-702b2fb65740,IS_A_SUBSKILL_OF
http://data.europa.eu/esco/skill/e2a5e046-3357-493e-bbdc-8d0ef82005cc,http://data.europa.eu/esco/skill/0101f8a4-4243-4e67-813b-3e2a6274f7e2,IS_A_SUBSKILL_OF
http://data.europa.eu/esco/skill/1e95cef2-9c35-4f9f-b6a9-cb458c3e5379,http://data.europa.eu/esco/skill/0a2d70ee-d435-4965-9e96-702b2fb65740,IS_A_SUBSKILL_OF
http://data.europa.eu/esco/skill/0b3930a2-8a13-4932-8a09-4c72ec8af464,http://data.europa.eu/esco/skill/1e95cef2-9c35-4f9f-b6a9-cb458c3e5379,IS_A_SUBSKILL_OF
http://data.europa.eu/esco/skill/0e0a44a8-654c-4e85-986a-fb4386114838,http://data.europa.eu/esco/skill/1e95cef2-9c35-4f9f-b6a9-cb458c3e5379,IS_A_SUBSKILL_OF
http://data.europa.eu/esco/skill/15fa3879-ac0e-46e6-ae36-609bae9c19c3,http://data.europa.eu/esco/skill/1e95cef2-9c35-4f9f-b6a9-cb458c3e5379,IS_A_SUBSKILL_OF
http://data.europa.eu/esco/skill/1893b4bc-0eb2-41de-96e3-9c8f1f1eac41,http://data.europa.eu/esco/skill/1e95cef2-9c35-4f9f-b6a9-cb458c3e5379,IS_A_SUBSKILL_OF
http://data.europa.eu/esco/skill/47aa582a-3edb-45b5-9ef4-e87813ea327c,http://data.europa.eu/esco/skill/1e95cef2-9c35-4f9f-b6a9-cb458c3e5379,IS_A_SUBSKILL_OF
http://data.europa.eu/esco/skill/54f7432d-a8b6-4ed4-a50e-9ec882320595,http://data.europa.eu/esco/skill/1e95cef2-9c35-4f9f-b6a9-cb458c3e5379,IS_A_SUBSKILL_OF
http://data.europa.eu/esco/skill/5c2d5780-23ed-4372-bb8d-c1846ee404ae,http://data.europa.eu/esco/skill/1e95cef2-9c35-4f9f-b6a9-cb458c3e5379,IS_A_SUBSKILL_OF
http://data.europa.eu/esco/skill/c5ff50d7-97d3-401e-90ac-e5ae756a52de,http://data.europa.eu/esco/skill/1e95cef2-9c35-4f9f-b6a9-cb458c3e5379,IS_A_SUBSKILL_OF
http://data.europa.eu/esco/skill/d2e8f452-ac19-4eed-b984-8f55d2a5b763,http://data.europa.eu/esco/skill/1e95cef2-9c35-4f9f-b6a9-cb458c3e5379,IS_A_SUBSKILL_OF
http://data.europa.eu/esco/skill/d519fadd-85bf-475f-bf14-c53a0290687d,http://data.europa.eu/esco/skill/1e95cef2-9c35-4f9f-b6a9-cb458c3e5379,IS_A_SUBSKILL_OF
http://data.europa.eu/esco/skill/f7fc7bf8-f41d-44af-81e3-09b88e9779e6,http://data.europa.eu/esco/skill/1e95cef2-9c35-4f9f-b6a9-cb458c3e5379,IS_A_SUBSKILL_OF
http://data.europa.eu/esco/skill/325a3d29-a235-4182-9128-782c0f4b2dcc,http://data.europa.eu/esco/skill/0a2d70ee-d435-4965-9e96-702b2fb65740,IS_A_SUBSKILL_OF
http://data.europa.eu/esco/skill/06fdd94c-292d-49e3-9c78-bbcbc2088232,http://data.europa.eu/esco/skill/325a3d29-a235-4182-9128-782c0f4b2dcc,IS_A_SUBSKILL_OF
http://data.europa.eu/esco/skill/1034004c-0347-4765-8794-b65d2c92b379,http://data.europa.eu/esco/skill/325a3d29-a235-4182-9128-782c0f4b2dcc,IS_A_SUBSKILL_OF
http://data.europa.eu/esco/skill/1bc1cf2a-a7f6-4769-a13b-cc26a2214498,http://data.europa.eu/esco/skill/325a3d29-a235-4182-9128-782c0f4b2dcc,IS_A_SUBSKILL_OF
http://data.europa.eu/esco/skill/20136935-e6a1-417b-81df-9b94d4c2c371,http://data.europa.eu/esco/skill/325a3d29-a235-4182-9128-782c0f4b2dcc,IS_A_SUBSKILL_OF
http://data.europa.eu/esco/skill/95bf4552-6d5b-41dc-b990-53ace372f705,http://data.europa.eu/esco/skill/325a3d29-a235-4182-9128-782c0f4b2dcc,IS_A_SUBSKILL_OF
http://data.europa.eu/esco/skill/b32ef8a5-e3f7-40ef-8b40-913c003e1f4e,http://data.europa.eu/esco/skill/325a3d29-a235-4182-9128-782c0f4b2dcc,IS_A_SUBSKILL_OF
http://data.europa.eu/esco/skill/b975836b-d9b9-4724-88da-9a82b856e74b,http://data.europa.eu/esco/skill/325a3d29-a235-4182-9128-782c0f4b2dcc,IS_A_SUBSKILL_OF
http://data.europa.eu/esco/skill/c1bd0ed6-053c-4703-981e-eaec5e57de18,http://data.europa.eu/esco/skill/325a3d29-a235-4182-9128-782c0f4b2dcc,IS_A_SUBSKILL_OF
http://data.europa.eu/esco/skill/3753e796-121e-46a3-9c27-dee31ce92c80,http://data.europa.eu/esco/skill/0a2d70ee-d435-4965-9e96-702b2fb65740,IS_A_SUBSKILL_OF
http://data.europa.eu/esco/skill/1f2950c0-ef1e-44b4-9a55-125ccd7b78af,http://data.europa.eu/esco/skill/3753e796-121e-46a3-9c27-dee31ce92c80,IS_A_SUBSKILL_OF
http://data.europa.eu/esco/skill/3eef7ff2-3ade-41d4-b084-2bd2a3949e1c,http://data.europa.eu/esco/skill/3753e796-121e-46a3-9c27-dee31ce92c80,IS_A_SUBSKILL_OF
http://data.europa.eu/esco/skill/7e153e1d-2b12-43ad-89f3-0cf82ebc4a30,http://data.europa.eu/esco/skill/3753e796-121e-46a3-9c27-dee31ce92c80,IS_A_SUBSKILL_OF
http://data.europa.eu/esco/skill/ba1f6201-b206-4459-b178-706db34a851d,http://data.europa.eu/esco/skill/3753e796-121e-46a3-9c27-dee31ce92c80,IS_A_SUBSKILL_OF
http://data.europa.eu/esco/skill/d94e1143-3a3a-4f6a-a881-df93bf56cf23,http://data.europa.eu/esco/skill/3753e796-121e-46a3-9c27-dee31ce92c80,IS_A_SUBSKILL_OF
http://data.europa.eu/esco/skill/ec528c47-65f4-4187-9dc1-5a8889f84a06,http://data.europa.eu/esco/skill/3753e796-121e-46a3-9c27-dee31ce92c80,IS_A_SUBSKILL_OF
http://data.europa.eu/esco/skill/f2cf57fe-d4cb-4b4a-831d-73171cc73909,http://data.europa.eu/esco/skill/3753e796-121e-46a3-9c27-dee31ce92c80,IS_A_SUBSKILL_OF
http://data.europa.eu/esco/skill/587e1cd6-a376-4c8f-8369-187c128d72a3,http://data.europa.eu/esco/skill/0a2d70ee-d435-4965-9e96-702b2fb65740,IS_A_SUBSKILL_OF
http://data.europa.eu/esco/skill/29dcc31e-a8d6-4a62-b3c1-2de81e966e39,http://data.europa.eu/esco/skill/587e1cd6-a376-4c8f-8369-187c128d72a3,IS_A_SUBSKILL_OF
http://data.europa.eu/esco/skill/70ac2c90-656a-4fa3-886c-5b9305db2087,http://data.europa.eu/esco/skill/587e1cd6-a376-4c8f-8369-187c128d72a3,IS_A_SUBSKILL_OF
http://data.europa.eu/esco/skill/9bdf8a77-8524-43da-bac6-d15d22e1b7ed,http://data.europa.eu/esco/skill/587e1cd6-a376-4c8f-8369-187c128d72a3,IS_A_SUBSKILL_OF
http://data.europa.eu/esco/skill/82c084ea-15e9-4d55-98dc-ede0f767baee,http://data.europa.eu/esco/skill/0a2d70ee-d435-4965-9e96-702b2fb65740,IS_A_SUBSKILL_OF
http://data.europa.eu/esco/skill/cd9c487e-09ad-4b82-854b-118feb01f2ed,http://data.europa.eu/esco/skill/82c084ea-15e9-4d55-98dc-ede0f767baee,IS_A_SUBSKILL_OF
http://data.europa.eu/esco/skill/8a57f720-70b3-41de-877c-7d723977dc88,http://data.europa.eu/esco/skill/0a2d70ee-d435-4965-9e96-702b2fb65740,IS_A_SUBSKILL_OF
http://data.europa.eu/esco/skill/23d7bd85-d8d5-4455-b64d-3b0998f2425d,http://data.europa.eu/esco/skill/8a57f720-70b3-41de-877c-7d723977dc88,IS_A_SUBSKILL_OF
http://data.europa.eu/esco/skill/347aa7ee-b640-41cc-ae7c-3c5eafda9fda,http://data.europa.eu/esco/skill/8a57f720-70b3-41de-877c-7d723977dc88,IS_A_SUBSKILL_OF
http://data.europa.eu/esco/skill/5dbb69d2-9e1b-4e0f-b8c0-0bac709729cf,http://data.europa.eu/esco/skill/8a57f720-70b3-41de-877c-7d723977dc88,IS_A_SUBSKILL_OF
http://data.europa.eu/esco/skill/c5b71c57-6f78-4c54-b332-ec75848f1095,http://data.europa.eu/esco/skill/0a2d70ee-d435-4965-9e96-702b2fb65740,IS_A_SUBSKILL_OF
http://data.europa.eu/esco/skill/316df5b7-31c4-4f4e-ae69-aad1b873b995,http://data.europa.eu/esco/skill/c5b71c57-6f78-4c54-b332-ec75848f1095,IS_A_SUBSKILL_OF
http://data.europa.eu/esco/skill/7eafec38-621a-4b6e-9298-bfe70ec0b253,http://data.europa.eu/esco/skill/c5b71c57-6f78-4c54-b332-ec75848f1095,IS_A_SUBSKILL_OF
http://data.europa.eu/esco/skill/8fde007e-ea4c-48c2-84c5-752834acd31d,http://data.europa.eu/esco/skill/c5b71c57-6f78-4c54-b332-ec75848f1095,IS_A_SUBSKILL_OF
http://data.europa.eu/esco/skill/c4376e35-add7-43a0-8b2e-f5741f0df8fe,http://data.europa.eu/esco/skill/c5b71c57-6f78-4c54-b332-ec75848f1095,IS_A_SUBSKILL_OF
http://data.europa.eu/esco/skill/d700aa7a-0ed8-4967-a32c-4cb6075ab3b9,http://data.europa.eu/esco/skill/c5b71c57-6f78-4c54-b332-ec75848f1095,IS_A_SUBSKILL_OF
http://data.europa.eu/esco/skill/dddd229b-61e1-480d-80d6-d9d9ee9b5f54,http://data.europa.eu/esco/skill/0a2d70ee-d435-4965-9e96-702b2fb65740,IS_A_SUBSKILL_OF
http://data.europa.eu/esco/skill/32c017fd-28ab-4051-bf68-74de952c2f77,http://data.europa.eu/esco/skill/dddd229b-61e1-480d-80d6-d9d9ee9b5f54,IS_A_SUBSKILL_OF
http://data.europa.eu/esco/skill/e173eaf8-c99b-405a-b0ac-0e02ce3c268d,http://data.europa.eu/esco/skill/0a2d70ee-d435-4965-9e96-702b2fb65740,IS_A_SUBSKILL_OF
http://data.europa.eu/esco/skill/47b0d855-ea3c-45e9-8dcf-0e12e62261c4,http://data.europa.eu/esco/skill/e173eaf8-c99b-405a-b0ac-0e02ce3c268d,IS_A_SUBSKILL_OF
http://data.europa.eu/esco/skill/b917784a-d7c9-437c-be6e-0de41067fa62,http://data.europa.eu/esco/skill/e173eaf8-c99b-405a-b0ac-0e02ce3c268d,IS_A_SUBSKILL_OF
http://data.europa.eu/esco/skill/f55fac09-92a2-4a88-9a96-ee9fb5b18519,http://data.europa.eu/esco/skill/e173eaf8-c99b-405a-b0ac-0e02ce3c268d,IS_A_SUBSKILL_OF
http://data.europa.eu/esco/skill/f5f15f9c-6334-4728-8dc5-3a20a00dfc37,http://data.europa.eu/esco/skill/e173eaf8-c99b-405a-b0ac-0e02ce3c268d,IS_A_SUBSKILL_OF
http://data.europa.eu/esco/skill/243eb885-07c7-4b77-ab9c-827551d83dc4,http://data.europa.eu/esco/skill/335228d2-297d-4e0e-a6ee-bc6a8dc110d9,IS_A_SUBSKILL_OF
http://data.europa.eu/esco/skill/28d2ab6c-38a2-476e-85fe-7982fd242943,http://data.europa.eu/esco/skill/243eb885-07c7-4b77-ab9c-827551d83dc4,IS_A_SUBSKILL_OF
http://data.europa.eu/esco/skill/258fea29-09db-4918-8235-0d7d529cd31c,http://data.europa.eu/esco/skill/28d2ab6c-38a2-476e-85fe-7982fd242943,IS_A_SUBSKILL_OF
http://data.europa.eu/esco/skill/4d6a48ae-352e-4823-bc3a-3f3e9e2cae86,http://data.europa.eu/esco/skill/28d2ab6c-38a2-476e-85fe-7982fd242943,IS_A_SUBSKILL_OF
http://data.europa.eu/esco/skill/6a7fc30d-af16-4cc5-a957-29d174bdb61c,http://data.europa.eu/esco/skill/28d2ab6c-38a2-476e-85fe-7982fd242943,IS_A_SUBSKILL_OF
http://data.europa.eu/esco/skill/75c1ab73-5b00-48a0-818e-93487ebdd7e1,http://data.europa.eu/esco/skill/243eb885-07c7-4b77-ab9c-827551d83dc4,IS_A_SUBSKILL_OF
http://data.europa.eu/esco/skill/0b9968af-72de-470a-98e1-2d19577443fb,http://data.europa.eu/esco/skill/75c1ab73-5b00-48a0-818e-93487ebdd7e1,IS_A_SUBSKILL_OF
http://data.europa.eu/esco/skill/185c56ee-098f-46a1-af87-56337085da6f,http://data.europa.eu/esco/skill/75c1ab73-5b00-48a0-818e-93487ebdd7e1,IS_A_SUBSKILL_OF
http://data.europa.eu/esco/skill/24aa32e7-5b7c-42fd-b045-11f0c3d9b6e3,http://data.europa.eu/esco/skill/75c1ab73-5b00-48a0-818e-93487ebdd7e1,IS_A_SUBSKILL_OF
http://data.europa.eu/esco/skill/f839b1da-78b6-4466-86f4-a5798821ea20,http://data.europa.eu/esco/skill/75c1ab73-5b00-48a0-818e-93487ebdd7e1,IS_A_SUBSKILL_OF
http://data.europa.eu/esco/skill/842ebeb2-d252-4bde-98fe-e0463f7009db,http://data.europa.eu/esco/skill/243eb885-07c7-4b77-ab9c-827551d83dc4,IS_A_SUBSKILL_OF
http://data.europa.eu/esco/skill/494b8057-daf5-46a0-b33b-416e0115c30a,http://data.europa.eu/esco/skill/842ebeb2-d252-4bde-98fe-e0463f7009db,IS_A_SUBSKILL_OF
http://data.europa.eu/esco/skill/cacc62f3-2df4-4cc3-9d5d-0d014db56bd9,http://data.europa.eu/esco/skill/243eb885-07c7-4b77-ab9c-827551d83dc4,IS_A_SUBSKILL_OF
http://data.europa.eu/esco/skill/446a36a5-2376-439f-b46b-4a214ba0acdf,http://data.europa.eu/esco/skill/cacc62f3-2df4-4cc3-9d5d-0d014db56bd9,IS_A_SUBSKILL_OF
http://data.europa.eu/esco/skill/98fb499f-9155-412d-a8a0-95ba97126fec,http://data.europa.eu/esco/skill/cacc62f3-2df4-4cc3-9d5d-0d014db56bd9,IS_A_SUBSKILL_OF
http://data.europa.eu/esco/skill/b1115b14-fa16-4c1e-be6c-91fd49a1808b,http://data.europa.eu/esco/skill/cacc62f3-2df4-4cc3-9d5d-0d014db56bd9,IS_A_SUBSKILL_OF
http://data.europa.eu/esco/skill/c53a55a1-8b2b-4d2c-b12d-626742a3833a,http://data.europa.eu/esco/skill/cacc62f3-2df4-4cc3-9d5d-0d014db56bd9,IS_A_SUBSKILL_OF
http://data.europa.eu/esco/skill/f774131e-8f2d-43b6-8c20-7fe35fa0f0bd,http://data.europa.eu/esco/skill/cacc62f3-2df4-4cc3-9d5d-0d014db56bd9,IS_A_SUBSKILL_OF
http://data.europa.eu/esco/skill/d6e4373a-ef2c-4b64-9dc6-4140846f6609,http://data.europa.eu/esco/skill/243eb885-07c7-4b77-ab9c-827551d83dc4,IS_A_SUBSKILL_OF
http://data.europa.eu/esco/skill/a8c3186b-c791-4d57-8f4f-4d12c7a5c6a7,http://data.europa.eu/esco/skill/d6e4373a-ef2c-4b64-9dc6-4140846f6609,IS_A_SUBSKILL_OF
http://data.europa.eu/esco/skill/f5328159-dfe9-4f25-b8e7-a03fb0d3a991,http://data.europa.eu/esco/skill/243eb885-07c7-4b77-ab9c-827551d83dc4,IS_A_SUBSKILL_OF
http://data.europa.eu/esco/skill/39499028-35bf-4d69-9275-fb98902ed88b,http://data.europa.eu/esco/skill/f5328159-dfe9-4f25-b8e7-a03fb0d3a991,IS_A_SUBSKILL_OF
http://data.europa.eu/esco/skill/2ae39fc8-0f1b-4284-9e73-3f2739471f63,http://data.europa.eu/esco/skill/335228d2-297d-4e0e-a6ee-bc6a8dc110d9,IS_A_SUBSKILL_OF
http://data.europa.eu/esco/skill/18da3b88-1cd5-4ef3-83d6-664e52afdaba,http://data.europa.eu/esco/skill/2ae39fc8-0f1b-4284-9e73-3f2739471f63,IS_A_SUBSKILL_OF
http://data.europa.eu/esco/skill/24a39c1b-b8cc-4210-8b74-b388a90e8f59,http://data.europa.eu/esco/skill/18da3b88-1cd5-4ef3-83d6-664e52afdaba,IS_A_SUBSKILL_OF
http://data.europa.eu/esco/skill/58beed15-8cf0-4bea-a24a-ad595768bba6,http://data.europa.eu/esco/skill/18da3b88-1cd5-4ef3-83d6-664e52afdaba,IS_A_SUBSKILL_OF
http://data.europa.eu/esco/skill/58edb789-d085-4e7d-8b6e-b70913bebfca,http://data.europa.eu/esco/skill/18da3b88-1cd5-4ef3-83d6-664e52afdaba,IS_A_SUBSKILL_OF
http://data.europa.eu/esco/skill/5d1d2d04-5510-4918-a437-7f57d570483a,http://data.europa.eu/esco/skill/18da3b88-1cd5-4ef3-83d6-664e52afdaba,IS_A_SUBSKILL_OF
http://data.europa.eu/esco/skill/6d0cad66-82dd-4854-a03a-68232942c68d,http://data.europa.eu/esco/skill/18da3b88-1cd5-4ef3-83d6-664e52afdaba,IS_A_SUBSKILL_OF
http://data.europa.eu/esco/skill/8eb65708-6a1c-4a11-8b51-ed9331962142,http://data.europa.eu/esco/skill/18da3b88-1cd5-4ef3-83d6-664e52afdaba,IS_A_SUBSKILL_OF
http://data.europa.eu/esco/skill/97ff8a90-ec21-4f13-9b58-22cc9fc47221,http://data.europa.eu/esco/skill/18da3b88-1cd5-4ef3-83d6-664e52afdaba,IS_A_SUBSKILL_OF
http://data.europa.eu/esco/skill/d9be4ab0-f7d9-4b27-bd01-6cf1d43d1865,http://data.europa.eu/esco/skill/18da3b88-1cd5-4ef3-83d6-664e52afdaba,IS_A_SUBSKILL_OF
http://data.europa.eu/esco/skill/57a45369-afc1-4f5a-b157-6f18de506bab,http://data.europa.eu/esco/skill/2ae39fc8-0f1b-4284-9e73-3f2739471f63,IS_A_SUBSKILL_OF
http://data.europa.eu/esco/skill/59c46f34-bffd-4859-adf4-3839c2a73821,http://data.europa.eu/esco/skill/57a45369-afc1-4f5a-b157-6f18de506bab,IS_A_SUBSKILL_OF
http://data.europa.eu/esco/skill/9f6f5c32-2770-4257-bd66-adc29442ff20,http://data.europa.eu/esco/skill/2ae39fc8-0f1b-4284-9e73-3f2739471f63,IS_A_SUBSKILL_OF
http://data.europa.eu/esco/skill/0edd863d-b02d-4714-a1a2-835d6dd23c55,http://data.europa.eu/esco/skill/9f6f5c32-2770-4257-bd66-adc29442ff20,IS_A_SUBSKILL_OF
http://data.europa.eu/esco/skill/2c7252b7-59b8-40eb-ac7c-17f78a94f7e7,http://data.europa.eu/esco/skill/9f6f5c32-2770-4257-bd66-adc29442ff20,IS_A_SUBSKILL_OF
http://data.europa.eu/esco/skill/583b1fb5-be8d-41f0-aa81-0b6bef4793c2,http://data.europa.eu/esco/skill/9f6f5c32-2770-4257-bd66-adc29442ff20,IS_A_SUBSKILL_OF
http://data.europa.eu/esco/skill/b85caa4a-f04b-4331-80df-11404fd71225,http://data.europa.eu/esco/skill/9f6f5c32-2770-4257-bd66-adc29442ff20,IS_A_SUBSKILL_OF
http://data.europa.eu/esco/skill/d5f302db-adff-4bae-b7d4-37293b397193,http://data.europa.eu/esco/skill/2ae39fc8-0f1b-4284-9e73-3f2739471f63,IS_A_SUBSKILL_OF
http://data.europa.eu/esco/skill/5ea47148-5289-49f2-80f8-bb1f54b37de0,http://data.europa.eu/esco/skill/d5f302db-adff-4bae-b7d4-37293b397193,IS_A_SUBSKILL_OF
http://data.europa.eu/esco/skill/81d95361-e7dd-4f75-a243-d646a7dd6a28,http://data.europa.eu/esco/skill/d5f302db-adff-4bae-b7d4-37293b397193,IS_A_SUBSKILL_OF
http://data.europa.eu/esco/skill/8984a92c-416e-498f-abd3-a9dd819e5c03,http://data.europa.eu/esco/skill/d5f302db-adff-4bae-b7d4-37293b397193,IS_A_SUBSKILL_OF
http://data.europa.eu/esco/skill/da230865-9d2a-42d9-a42e-37d89753109e,http://data.europa.eu/esco/skill/d5f302db-adff-4bae-b7d4-37293b397193,IS_A_SUBSKILL_OF
http://data.europa.eu/esco/skill/e6e784d0-38a2-4f0c-9fe9-d985a3269fd9,http://data.europa.eu/esco/skill/d5f302db-adff-4bae-b7d4-37293b397193,IS_A_SUBSKILL_OF
http://data.europa.eu/esco/skill/869fc2ce-478f-4420-8766-e1f02cec4fb2,http://data.europa.eu/esco/skill/335228d2-297d-4e0e-a6ee-bc6a8dc110d9,IS_A_SUBSKILL_OF
http://data.europa.eu/esco/skill/2d02d98c-20c4-4b46-bf44-e5f85a3f03ed,http://data.europa.eu/esco/skill/869fc2ce-478f-4420-8766-e1f02cec4fb2,IS_A_SUBSKILL_OF
http://data.europa.eu/esco/skill/dfae80db-cf29-41e1-a48c-2bee901afff1,http://data.europa.eu/esco/skill/2d02d98c-20c4-4b46-bf44-e5f85a3f03ed,IS_A_SUBSKILL_OF
http://data.europa.eu/esco/skill/5c26881e-2759-4a38-b136-5e0f6071b524,http://data.europa.eu/esco/skill/869fc2ce-478f-4420-8766-e1f02cec4fb2,IS_A_SUBSKILL_OF
http://data.europa.eu/esco/skill/0779d482-4154-4fbb-9a22-d9fd89c39d67,http://data.europa.eu/esco/skill/5c26881e-2759-4a38-b136-5e0f6071b524,IS_A_SUBSKILL_OF
http://data.europa.eu/esco/skill/190f64e1-b7b6-4c53-b20b-80f9215ef6ca,http://data.europa.eu/esco/skill/5c26881e-2759-4a38-b136-5e0f6071b524,IS_A_SUBSKILL_OF
http://data.europa.eu/esco/skill/87dff904-fb74-4d59-972e-1c2387579d94,http://data.europa.eu/esco/skill/5c26881e-2759-4a38-b136-5e0f6071b524,IS_A_SUBSKILL_OF
http://data.europa.eu/esco/skill/cfd5ab8f-ef8a-4877-8243-ddf17ac74604,http://data.europa.eu/esco/skill/5c26881e-2759-4a38-b136-5e0f6071b524,IS_A_SUBSKILL_OF
http://data.europa.eu/esco/skill/d6c8dacb-b0c0-4544-b0b7-69b24df41ba1,http://data.europa.eu/esco/skill/5c26881e-2759-4a38-b136-5e0f6071b524,IS_A_SUBSKILL_OF
http://data.europa.eu/esco/skill/e6eeb84c-ad99-42e2-b883-e6ce338aef59,http://data.europa.eu/esco/skill/5c26881e-2759-4a38-b136-5e0f6071b524,IS_A_SUBSKILL_OF
http://data.europa.eu/esco/skill/6f89dcbe-4315-4533-8801-3aadf9190b86,http://data.europa.eu/esco/skill/869fc2ce-478f-4420-8766-e1f02cec4fb2,IS_A_SUBSKILL_OF
http://data.europa.eu/esco/skill/164510d1-1216-4dc0-b9d1-a7f6af19e469,http://data.europa.eu/esco/skill/6f89dcbe-4315-4533-8801-3aadf9190b86,IS_A_SUBSKILL_OF
http://data.europa.eu/esco/skill/37272760-957a-4c34-b4f3-780ee285334d,http://data.europa.eu/esco/skill/6f89dcbe-4315-4533-8801-3aadf9190b86,IS_A_SUBSKILL_OF
http://data.europa.eu/esco/skill/6ee936b0-4e0c-4e04-97c7-1f4ee9230d67,http://data.europa.eu/esco/skill/6f89dcbe-4315-4533-8801-3aadf9190b86,IS_A_SUBSKILL_OF
http://data.europa.eu/esco/skill/7e0b93e0-0de7-4607-b07f-27a6828d3ff0,http://data.europa.eu/esco/skill/6f89dcbe-4315-4533-8801-3aadf9190b86,IS_A_SUBSKILL_OF
http://data.europa.eu/esco/skill/8ed41305-4abf-4b54-9f8f-0e043d26feba,http://data.europa.eu/esco/skill/6f89dcbe-4315-4533-8801-3aadf9190b86,IS_A_SUBSKILL_OF
http://data.europa.eu/esco/skill/c23e0a2f-f04b-45bc-b0dd-20571f6b502c,http://data.europa.eu/esco/skill/6f89dcbe-4315-4533-8801-3aadf9190b86,IS_A_SUBSKILL_OF
http://data.europa.eu/esco/skill/cbe1b24e-00f3-4b17-94e9-1fcd34a11c3e,http://data.europa.eu/esco/skill/6f89dcbe-4315-4533-8801-3aadf9190b86,IS_A_SUBSKILL_OF
http://data.europa.eu/esco/skill/db54693e-bcb0-4dae-8885-a43d510fb71f,http://data.europa.eu/esco/skill/6f89dcbe-4315-4533-8801-3aadf9190b86,IS_A_SUBSKILL_OF
http://data.europa.eu/esco/skill/73dba04a-7c18-439f-8757-b5f60532ba74,http://data.europa.eu/esco/skill/869fc2ce-478f-4420-8766-e1f02cec4fb2,IS_A_SUBSKILL_OF
http://data.europa.eu/esco/skill/77e41477-4ecf-425b-8163-b18a5a54e593,http://data.europa.eu/esco/skill/73dba04a-7c18-439f-8757-b5f60532ba74,IS_A_SUBSKILL_OF
http://data.europa.eu/esco/skill/7a00c77c-4a1c-4fd6-a83f-004bda65d81a,http://data.europa.eu/esco/skill/869fc2ce-478f-4420-8766-e1f02cec4fb2,IS_A_SUBSKILL_OF
http://data.europa.eu/esco/skill/aab9f44d-fe0e-46d8-a470-11ce82a64846,http://data.europa.eu/esco/skill/7a00c77c-4a1c-4fd6-a83f-004bda65d81a,IS_A_SUBSKILL_OF
http://data.europa.eu/esco/skill/bffa732b-12ab-4214-a4b3-498598820b1c,http://data.europa.eu/esco/skill/7a00c77c-4a1c-4fd6-a83f-004bda65d81a,IS_A_SUBSKILL_OF
http://data.europa.eu/esco/skill/c206d301-14b0-4bea-8028-a3749303a512,http://data.europa.eu/esco/skill/7a00c77c-4a1c-4fd6-a83f-004bda65d81a,IS_A_SUBSKILL_OF
http://data.europa.eu/esco/skill/c57c0294-9940-4626-8954-08055bc242ba,http://data.europa.eu/esco/skill/7a00c77c-4a1c-4fd6-a83f-004bda65d81a,IS_A_SUBSKILL_OF
http://data.europa.eu/esco/skill/9827c329-3492-4e8d-852c-da0894228ff6,http://data.europa.eu/esco/skill/869fc2ce-478f-4420-8766-e1f02cec4fb2,IS_A_SUBSKILL_OF
http://data.europa.eu/esco/skill/193af349-b20e-4277-94bf-b184e92b8d6a,http://data.europa.eu/esco/skill/9827c329-3492-4e8d-852c-da0894228ff6,IS_A_SUBSKILL_OF
http://data.europa.eu/esco/skill/2258cde2-a95b-4b2c-b105-59e84b0a364b,http://data.europa.eu/esco/skill/9827c329-3492-4e8d-852c-da0894228ff6,IS_A_SUBSKILL_OF
http://data.europa.eu/esco/skill/92fc9726-5b5e-439e-a33c-06a8c63fbb9a,http://data.europa.eu/esco/skill/9827c329-3492-4e8d-852c-da0894228ff6,IS_A_SUBSKILL_OF
http://data.europa.eu/esco/skill/f73c2c9e-b097-4fcb-95d1-659ea0bd54a3,http://data.europa.eu/esco/skill/9827c329-3492-4e8d-852c-da0894228ff6,IS_A_SUBSKILL_OF
http://data.europa.eu/esco/skill/bb99a123-88be-42a2-8758-f5a18e06ccc6,http://data.europa.eu/esco/skill/869fc2ce-478f-4420-8766-e1f02cec4fb2,IS_A_SUBSKILL_OF
http://data.europa.eu/esco/skill/c7f96545-46c4-451a-b284-014f4baed5ed,http://data.europa.eu/esco/skill/bb99a123-88be-42a2-8758-f5a18e06ccc6,IS_A_SUBSKILL_OF
http://data.europa.eu/esco/skill/c1a13ee0-b00d-4cfa-a22c-20d284e398b0,http://data.europa.eu/esco/skill/869fc2ce-478f-4420-8766-e1f02cec4fb2,IS_A_SUBSKILL_OF
http://data.europa.eu/esco/skill/1d4be2e3-ac64-426f-838d-1e7cb8600927,http://data.europa.eu/esco/skill/c1a13ee0-b00d-4cfa-a22c-20d284e398b0,IS_A_SUBSKILL_OF
http://data.europa.eu/esco/skill/ce17a874-b476-491d-a7a7-5f05d32ad542,http://data.europa.eu/esco/skill/869fc2ce-478f-4420-8766-e1f02cec4fb2,IS_A_SUBSKILL_OF
http://data.europa.eu/esco/skill/b7e752ec-7b2e-46e6-ac24-8b1233609c31,http://data.europa.eu/esco/skill/ce17a874-b476-491d-a7a7-5f05d32ad542,IS_A_SUBSKILL_OF
http://data.europa.eu/esco/skill/f306bf2a-271d-4059-ba7b-e83849cb8960,http://data.europa.eu/esco/skill/869fc2ce-478f-4420-8766-e1f02cec4fb2,IS_A_SUBSKILL_OF
http://data.europa.eu/esco/skill/906211b3-afed-4a2b-b5e1-33f2885fee85,http://data.europa.eu/esco/skill/f306bf2a-271d-4059-ba7b-e83849cb8960,IS_A_SUBSKILL_OF
http://data.europa.eu/esco/skill/b309d4f5-56f5-41c6-b712-92d1ed85b965,http://data.europa.eu/esco/skill/f306bf2a-271d-4059-ba7b-e83849cb8960,IS_A_SUBSKILL_OF
http://data.europa.eu/esco/skill/c20ac175-3aab-4aaa-9b9e-784c2dfb59cd,http://data.europa.eu/esco/skill/f306bf2a-271d-4059-ba7b-e83849cb8960,IS_A_SUBSKILL_OF
http://data.europa.eu/esco/skill/9b8bb484-dcba-49af-8ae0-cfe8b6e9ed45,http://data.europa.eu/esco/skill/335228d2-297d-4e0e-a6ee-bc6a8dc110d9,IS_A_SUBSKILL_OF
http://data.europa.eu/esco/skill/02208098-ee91-4df0-8581-5c1a04d8fe0a,http://data.europa.eu/esco/skill/9b8bb484-dcba-49af-8ae0-cfe8b6e9ed45,IS_A_SUBSKILL_OF
http://data.europa.eu/esco/skill/03efa398-a1cc-4589-9c10-84bf10f8d42d,http://data.europa.eu/esco/skill/02208098-ee91-4df0-8581-5c1a04d8fe0a,IS_A_SUBSKILL_OF
http://data.europa.eu/esco/skill/0b8d15c9-7b4f-4163-b863-fe5b756d3e7f,http://data.europa.eu/esco/skill/02208098-ee91-4df0-8581-5c1a04d8fe0a,IS_A_SUBSKILL_OF
http://data.europa.eu/esco/skill/45ce91d6-574f-445e-a3d5-741f89bddb56,http://data.europa.eu/esco/skill/02208098-ee91-4df0-8581-5c1a04d8fe0a,IS_A_SUBSKILL_OF
http://data.europa.eu/esco/skill/a9703c5e-7fef-40d8-8fed-e5b31cc76818,http://data.europa.eu/esco/skill/02208098-ee91-4df0-8581-5c1a04d8fe0a,IS_A_SUBSKILL_OF
http://data.europa.eu/esco/skill/2198d7a0-6eca-4795-b877-98a19064e61a,http://data.europa.eu/esco/skill/9b8bb484-dcba-49af-8ae0-cfe8b6e9ed45,IS_A_SUBSKILL_OF
http://data.europa.eu/esco/skill/06769591-b8cf-46b2-b1d3-6602b1cf440e,http://data.europa.eu/esco/skill/2198d7a0-6eca-4795-b877-98a19064e61a,IS_A_SUBSKILL_OF
http://data.europa.eu/esco/skill/151bd6ca-74be-47bb-9dab-9c7387114006,http://data.europa.eu/esco/skill/2198d7a0-6eca-4795-b877-98a19064e61a,IS_A_SUBSKILL_OF
http://data.europa.eu/esco/skill/3f1f77a5-9c2d-4b71-afb3-0328d8cbb05e,http://data.europa.eu/esco/skill/2198d7a0-6eca-4795-b877-98a19064e61a,IS_A_SUBSKILL_OF
http://data.europa.eu/esco/skill/79f3d574-fcf2-445e-a087-cc774f19b861,http://data.europa.eu/esco/skill/2198d7a0-6eca-4795-b877-98a19064e61a,IS_A_SUBSKILL_OF
http://data.europa.eu/esco/skill/8bf9699c-f964-4e4b-ac3d-55aface09cbc,http://data.europa.eu/esco/skill/2198d7a0-6eca-4795-b877-98a19064e61a,IS_A_SUBSKILL_OF
http://data.europa.eu/esco/skill/a96b31dd-d72a-4c89-8947-524f14a16f82,http://data.europa.eu/esco/skill/2198d7a0-6eca-4795-b877-98a19064e61a,IS_A_SUBSKILL_OF
http://data.europa.eu/esco/skill/bdf2aa76-360d-429d-a967-bdb691f241fa,http://data.europa.eu/esco/skill/2198d7a0-6eca-4795-b877-98a19064e61a,IS_A_SUBSKILL_OF
http://data.europa.eu/esco/skill/d3b2c894-33fb-47c4-aff0-27935a082bf6,http://data.europa.eu/esco/skill/2198d7a0-6eca-4795-b877-98a19064e61a,IS_A_SUBSKILL_OF
http://data.europa.eu/esco/skill/2b8a86c4-d063-44d5-863f-a9659024cefe,http://data.europa.eu/esco/skill/9b8bb484-dcba-49af-8ae0-cfe8b6e9ed45,IS_A_SUBSKILL_OF
http://data.europa.eu/esco/skill/18f2a44e-28ef-4ae3-8ea2-347e33bd9a4b,http://data.europa.eu/esco/skill/2b8a86c4-d063-44d5-863f-a9659024cefe,IS_A_SUBSKILL_OF
http://data.europa.eu/esco/skill/39d83364-c86f-4942-96d1-e5df582face9,http://data.europa.eu/esco/skill/2b8a86c4-d063-44d5-863f-a9659024cefe,IS_A_SUBSKILL_OF
http://data.europa.eu/esco/skill/418e58f5-c50c-4147-baa0-83aeb43b796a,http://data.europa.eu/esco/skill/2b8a86c4-d063-44d5-863f-a9659024cefe,IS_A_SUBSKILL_OF
http://data.europa.eu/esco/skill/7ec00c15-c9bb-4b74-9b8b-681424e9ea2c,http://data.europa.eu/esco/skill/2b8a86c4-d063-44d5-863f-a9659024cefe,IS_A_SUBSKILL_OF
http://data.europa.eu/esco/skill/8d80f33a-ab38-429b-a4ed-3b1a6f8f3b4a,http://data.europa.eu/esco/skill/2b8a86c4-d063-44d5-863f-a9659024cefe,IS_A_SUBSKILL_OF
http://data.europa.eu/esco/skill/a0ad9ea8-9620-4aba-a836-cbdd16e12880,http://data.europa.eu/esco/skill/2b8a86c4-d063-44d5-863f-a9659024cefe,IS_A_SUBSKILL_OF
http://data.europa.eu/esco/skill/a7956044-f468-4bc1-a83c-a8821b903a09,http://data.europa.eu/esco/skill/2b8a86c4-d063-44d5-863f-a9659024cefe,IS_A_SUBSKILL_OF
http://data.europa.eu/esco/skill/ceca8bbe-cd58-49b4-8ef4-9a34a5ac0f75,http://data.europa.eu/esco/skill/2b8a86c4-d063-44d5-863f-a9659024cefe,IS_A_SUBSKILL_OF
http://data.europa.eu/esco/skill/dcb9c446-bb08-44de-89b6-851ac2903eaf,http://data.europa.eu/esco/skill/2b8a86c4-d063-44d5-863f-a9659024cefe,IS_A_SUBSKILL_OF
http://data.europa.eu/esco/skill/4d7fb3eb-554a-4cf1-a576-bf6e153bdba2,http://data.europa.eu/esco/skill/9b8bb484-dcba-49af-8ae0-cfe8b6e9ed45,IS_A_SUBSKILL_OF
http://data.europa.eu/esco/skill/0a88a13f-693a-4dde-b44c-22e6f98fabc6,http://data.europa.eu/esco/skill/4d7fb3eb-554a-4cf1-a576-bf6e153bdba2,IS_A_SUBSKILL_OF
http://data.europa.eu/esco/skill/57e6af87-8a6b-4ecb-88e5-7c80b582ddd7,http://data.europa.eu/esco/skill/4d7fb3eb-554a-4cf1-a576-bf6e153bdba2,IS_A_SUBSKILL_OF
http://data.europa.eu/esco/skill/7ca69606-5ffc-4668-ae53-713c1f1612e6,http://data.europa.eu/esco/skill/4d7fb3eb-554a-4cf1-a576-bf6e153bdba2,IS_A_SUBSKILL_OF
http://data.europa.eu/esco/skill/872c0ddb-f056-4f51-afac-fc3d6fae0f5b,http://data.europa.eu/esco/skill/4d7fb3eb-554a-4cf1-a576-bf6e153bdba2,IS_A_SUBSKILL_OF
http://data.europa.eu/esco/skill/8ddcb295-707e-459c-ba6a-66ffb37835c5,http://data.europa.eu/esco/skill/4d7fb3eb-554a-4cf1-a576-bf6e153bdba2,IS_A_SUBSKILL_OF
http://data.europa.eu/esco/skill/bf4196e4-839c-4f5f-b13b-eeed07ede160,http://data.europa.eu/esco/skill/4d7fb3eb-554a-4cf1-a576-bf6e153bdba2,IS_A_SUBSKILL_OF
http://data.europa.eu/esco/skill/c8f4aad2-ea23-49a2-9708-a6049c2d28ce,http://data.europa.eu/esco/skill/4d7fb3eb-554a-4cf1-a576-bf6e153bdba2,IS_A_SUBSKILL_OF
http://data.europa.eu/esco/skill/663d82aa-4c0d-46bc-90f5-03770f068bb1,http://data.europa.eu/esco/skill/9b8bb484-dcba-49af-8ae0-cfe8b6e9ed45,IS_A_SUBSKILL_OF
http://data.europa.eu/esco/skill/8e77453d-3665-4d00-b887-2e9adb29cd15,http://data.europa.eu/esco/skill/663d82aa-4c0d-46bc-90f5-03770f068bb1,IS_A_SUBSKILL_OF
http://data.europa.eu/esco/skill/c54a0a94-9d45-4697-b7cb-f7eaef839031,http://data.europa.eu/esco/skill/663d82aa-4c0d-46bc-90f5-03770f068bb1,IS_A_SUBSKILL_OF
http://data.europa.eu/esco/skill/dbbbe31a-9b8c-4459-a830-84363648f52c,http://data.europa.eu/esco/skill/663d82aa-4c0d-46bc-90f5-03770f068bb1,IS_A_SUBSKILL_OF
http://data.europa.eu/esco/skill/f7c70392-a261-42e9-86a6-fccf3709ac81,http://data.europa.eu/esco/skill/663d82aa-4c0d-46bc-90f5-03770f068bb1,IS_A_SUBSKILL_OF
http://data.europa.eu/esco/skill/7b942071-f688-4600-8d9f-ad4c0306abc7,http://data.europa.eu/esco/skill/9b8bb484-dcba-49af-8ae0-cfe8b6e9ed45,IS_A_SUBSKILL_OF
http://data.europa.eu/esco/skill/a6b0802f-4c20-4123-8a84-d6c8631fedb1,http://data.europa.eu/esco/skill/7b942071-f688-4600-8d9f-ad4c0306abc7,IS_A_SUBSKILL_OF
http://data.europa.eu/esco/skill/a7065828-10aa-4aba-b7d4-f23a30df5060,http://data.europa.eu/esco/skill/7b942071-f688-4600-8d9f-ad4c0306abc7,IS_A_SUBSKILL_OF
http://data.europa.eu/esco/skill/ec0401f1-f690-46be-934b-f6f5611085f5,http://data.europa.eu/esco/skill/7b942071-f688-4600-8d9f-ad4c0306abc7,IS_A_SUBSKILL_OF
http://data.europa.eu/esco/skill/8427894f-2622-4b97-9366-72234a5fab50,http://data.europa.eu/esco/skill/9b8bb484-dcba-49af-8ae0-cfe8b6e9ed45,IS_A_SUBSKILL_OF
http://data.europa.eu/esco/skill/36c9717b-e53a-4d16-b7df-b6555eff43f8,http://data.europa.eu/esco/skill/8427894f-2622-4b97-9366-72234a5fab50,IS_A_SUBSKILL_OF
http://data.europa.eu/esco/skill/cab71b2a-4b65-4e98-a7a9-0b20c39fc248,http://data.europa.eu/esco/skill/9b8bb484-dcba-49af-8ae0-cfe8b6e9ed45,IS_A_SUBSKILL_OF
http://data.europa.eu/esco/skill/a4cf0e8a-54f6-4fd5-8650-1c82ea86cfd2,http://data.europa.eu/esco/skill/cab71b2a-4b65-4e98-a7a9-0b20c39fc248,IS_A_SUBSKILL_OF
http://data.europa.eu/esco/skill/d9b1387a-7cad-4b77-8481-7798a3b41714,http://data.europa.eu/esco/skill/9b8bb484-dcba-49af-8ae0-cfe8b6e9ed45,IS_A_SUBSKILL_OF
http://data.europa.eu/esco/skill/44c81158-f789-41ad-a988-e8af0884a443,http://data.europa.eu/esco/skill/d9b1387a-7cad-4b77-8481-7798a3b41714,IS_A_SUBSKILL_OF
http://data.europa.eu/esco/skill/da94d48b-5036-48e1-ad96-d85cba6ed29c,http://data.europa.eu/esco/skill/9b8bb484-dcba-49af-8ae0-cfe8b6e9ed45,IS_A_SUBSKILL_OF
http://data.europa.eu/esco/skill/19990cb0-e9d5-41c7-9638-88700b47271e,http://data.europa.eu/esco/skill/da94d48b-5036-48e1-ad96-d85cba6ed29c,IS_A_SUBSKILL_OF
http://data.europa.eu/esco/skill/64acded2-d944-4f85-a703-cfe9375f706a,http://data.europa.eu/esco/skill/da94d48b-5036-48e1-ad96-d85cba6ed29c,IS_A_SUBSKILL_OF
http://data.europa.eu/esco/skill/a5524d0d-38e5-4cfc-96c4-46c3c6df3dd1,http://data.europa.eu/esco/skill/da94d48b-5036-48e1-ad96-d85cba6ed29c,IS_A_SUBSKILL_OF
http://data.europa.eu/esco/skill/a60b664f-bb07-4dd1-8dfa-134a0827f8da,http://data.europa.eu/esco/skill/da94d48b-5036-48e1-ad96-d85cba6ed29c,IS_A_SUBSKILL_OF
http://data.europa.eu/esco/skill/c73521be-c039-4e22-b037-3b01b3f6f9d9,http://data.europa.eu/esco/skill/335228d2-297d-4e0e-a6ee-bc6a8dc110d9,IS_A_SUBSKILL_OF
http://data.europa.eu/esco/skill/048812ba-45ff-4801-b04f-b20c03432809,http://data.europa.eu/esco/skill/c73521be-c039-4e22-b037-3b01b3f6f9d9,IS_A_SUBSKILL_OF
http://data.europa.eu/esco/skill/2b6e15f5-dfa0-4e7c-9687-5665b07e56a4,http://data.europa.eu/esco/skill/048812ba-45ff-4801-b04f-b20c03432809,IS_A_SUBSKILL_OF
http://data.europa.eu/esco/skill/35dc2a23-cdc3-4291-930f-927ba2911949,http://data.europa.eu/esco/skill/048812ba-45ff-4801-b04f-b20c03432809,IS_A_SUBSKILL_OF
http://data.europa.eu/esco/skill/5bcec244-3efe-45ac-8891-0ab4a91e9c48,http://data.europa.eu/esco/skill/048812ba-45ff-4801-b04f-b20c03432809,IS_A_SUBSKILL_OF
http://data.europa.eu/esco/skill/802deca0-b880-4d1a-b366-e13b27621baf,http://data.europa.eu/esco/skill/048812ba-45ff-4801-b04f-b20c03432809,IS_A_SUBSKILL_OF
http://data.europa.eu/esco/skill/8064ae65-5d1b-44e1-9aaf-246a4285a9a6,http://data.europa.eu/esco/skill/048812ba-45ff-4801-b04f-b20c03432809,IS_A_SUBSKILL_OF
http://data.europa.eu/esco/skill/e67fd42d-25f1-4124-b0be-3b1e3bfdd70c,http://data.europa.eu/esco/skill/048812ba-45ff-4801-b04f-b20c03432809,IS_A_SUBSKILL_OF
http://data.europa.eu/esco/skill/e9eb9c23-c1f4-4ce9-83c9-2f6a211cc536,http://data.europa.eu/esco/skill/048812ba-45ff-4801-b04f-b20c03432809,IS_A_SUBSKILL_OF
http://data.europa.eu/esco/skill/fe317a4c-e4e0-45ee-8b0d-204a68014f9e,http://data.europa.eu/esco/skill/048812ba-45ff-4801-b04f-b20c03432809,IS_A_SUBSKILL_OF
http://data.europa.eu/esco/skill/2486154b-e3fd-4938-8316-029f62afdcb9,http://data.europa.eu/esco/skill/c73521be-c039-4e22-b037-3b01b3f6f9d9,IS_A_SUBSKILL_OF
http://data.europa.eu/esco/skill/b84813aa-6c44-4d58-a240-556c2060fb4e,http://data.europa.eu/esco/skill/2486154b-e3fd-4938-8316-029f62afdcb9,IS_A_SUBSKILL_OF
http://data.europa.eu/esco/skill/6107b01a-3dac-4a03-ac9c-1044e4af0307,http://data.europa.eu/esco/skill/c73521be-c039-4e22-b037-3b01b3f6f9d9,IS_A_SUBSKILL_OF
http://data.europa.eu/esco/skill/0ac31705-79ff-4409-a818-c9d0a6388e84,http://data.europa.eu/esco/skill/6107b01a-3dac-4a03-ac9c-1044e4af0307,IS_A_SUBSKILL_OF
http://data.europa.eu/esco/skill/29fbde52-e525-4653-96d0-acd59ccb28d8,http://data.europa.eu/esco/skill/6107b01a-3dac-4a03-ac9c-1044e4af0307,IS_A_SUBSKILL_OF
http://data.europa.eu/esco/skill/d6a8a2a4-4e21-4ea6-b267-b5c63e687cfd,http://data.europa.eu/esco/skill/6107b01a-3dac-4a03-ac9c-1044e4af0307,IS_A_SUBSKILL_OF
http://data.europa.eu/esco/skill/f9db77be-eb63-4937-a0d0-b581733e7d2a,http://data.europa.eu/esco/skill/6107b01a-3dac-4a03-ac9c-1044e4af0307,IS_A_SUBSKILL_OF
http://data.europa.eu/esco/skill/7a163630-7536-4748-a259-aa820d3be44b,http://data.europa.eu/esco/skill/c73521be-c039-4e22-b037-3b01b3f6f9d9,IS_A_SUBSKILL_OF
http://data.europa.eu/esco/skill/0a400212-8693-4b1f-b0ca-d1f82c321916,http://data.europa.eu/esco/skill/7a163630-7536-4748-a259-aa820d3be44b,IS_A_SUBSKILL_OF
http://data.europa.eu/esco/skill/3926ec7d-64cd-4410-8283-493a1afdd57b,http://data.europa.eu/esco/skill/7a163630-7536-4748-a259-aa820d3be44b,IS_A_SUBSKILL_OF
http://data.europa.eu/esco/skill/4bbdc5eb-b710-4b76-816d-04926f7ac4a1,http://data.europa.eu/esco/skill/7a163630-7536-4748-a259-aa820d3be44b,IS_A_SUBSKILL_OF
http://data.europa.eu/esco/skill/50e42de7-4a5c-4f94-b160-765f547d840c,http://data.europa.eu/esco/skill/7a163630-7536-4748-a259-aa820d3be44b,IS_A_SUBSKILL_OF
http://data.europa.eu/esco/skill/73e602a0-f80f-4f56-8e21-3db4fd08709d,http://data.europa.eu/esco/skill/7a163630-7536-4748-a259-aa820d3be44b,IS_A_SUBSKILL_OF
http://data.europa.eu/esco/skill/b88bddd4-210e-405f-bbdf-729bb66605a0,http://data.europa.eu/esco/skill/7a163630-7536-4748-a259-aa820d3be44b,IS_A_SUBSKILL_OF
http://data.europa.eu/esco/skill/e001ce62-78e7-4821-a7df-a08457c295ab,http://data.europa.eu/esco/skill/7a163630-7536-4748-a259-aa820d3be44b,IS_A_SUBSKILL_OF
http://data.europa.eu/esco/skill/b85711bc-32d6-42af-ae0f-e2e566d0dfca,http://data.europa.eu/esco/skill/c73521be-c039-4e22-b037-3b01b3f6f9d9,IS_A_SUBSKILL_OF
http://data.europa.eu/esco/skill/1bb32451-7ca4-4fa2-a2c0-2083c426d76c,http://data.europa.eu/esco/skill/b85711bc-32d6-42af-ae0f-e2e566d0dfca,IS_A_SUBSKILL_OF
http://data.europa.eu/esco/skill/89f8435a-ebc1-42b6-bf5c-496999e99776,http://data.europa.eu/esco/skill/b85711bc-32d6-42af-ae0f-e2e566d0dfca,IS_A_SUBSKILL_OF
http://data.europa.eu/esco/skill/b593afe4-4179-4a83-9f05-21c8d32d8113,http://data.europa.eu/esco/skill/b85711bc-32d6-42af-ae0f-e2e566d0dfca,IS_A_SUBSKILL_OF
http://data.europa.eu/esco/skill/e1746275-6d4e-4b02-b526-eeebf3052b6d,http://data.europa.eu/esco/skill/c73521be-c039-4e22-b037-3b01b3f6f9d9,IS_A_SUBSKILL_OF
http://data.europa.eu/esco/skill/00d5d1d2-c521-4c58-9df5-2939c0ce9adb,http://data.europa.eu/esco/skill/e1746275-6d4e-4b02-b526-eeebf3052b6d,IS_A_SUBSKILL_OF
http://data.europa.eu/esco/skill/119a2f5c-3c3e-4b0d-9813-06a553c8860c,http://data.europa.eu/esco/skill/e1746275-6d4e-4b02-b526-eeebf3052b6d,IS_A_SUBSKILL_OF
http://data.europa.eu/esco/skill/7de7e3f6-d222-4f08-b3f0-e2deff7ef798,http://data.europa.eu/esco/skill/e1746275-6d4e-4b02-b526-eeebf3052b6d,IS_A_SUBSKILL_OF
http://data.europa.eu/esco/skill/d54970ba-d9f2-41ec-a852-bbd1e5796823,http://data.europa.eu/esco/skill/e1746275-6d4e-4b02-b526-eeebf3052b6d,IS_A_SUBSKILL_OF
http://data.europa.eu/esco/skill/e7a48651-3f68-4762-bf93-57cc1af47016,http://data.europa.eu/esco/skill/c73521be-c039-4e22-b037-3b01b3f6f9d9,IS_A_SUBSKILL_OF
http://data.europa.eu/esco/skill/5f92ff3e-288b-44aa-864d-5ebb1adb7925,http://data.europa.eu/esco/skill/e7a48651-3f68-4762-bf93-57cc1af47016,IS_A_SUBSKILL_OF
http://data.europa.eu/esco/skill/77ee8fad-188f-44cf-88ba-4e495a52d604,http://data.europa.eu/esco/skill/e7a48651-3f68-4762-bf93-57cc1af47016,IS_A_SUBSKILL_OF
http://data.europa.eu/esco/skill/8826b057-0e80-4e3d-9efc-1e179d597f40,http://data.europa.eu/esco/skill/e7a48651-3f68-4762-bf93-57cc1af47016,IS_A_SUBSKILL_OF
http://data.europa.eu/esco/skill/969845ce-6895-44a8-a3d2-b8c2d8b5de21,http://data.europa.eu/esco/skill/e7a48651-3f68-4762-bf93-57cc1af47016,IS_A_SUBSKILL_OF
http://data.europa.eu/esco/skill/fbb861f7-2386-4d17-84f7-6e340a8e6cd9,http://data.europa.eu/esco/skill/e7a48651-3f68-4762-bf93-57cc1af47016,IS_A_SUBSKILL_OF
http://data.europa.eu/esco/skill/dc06de9f-dd3a-4f28-b58f-b01b5ae72ab8,http://data.europa.eu/esco/skill/335228d2-297d-4e0e-a6ee-bc6a8dc110d9,IS_A_SUBSKILL_OF
http://data.europa.eu/esco/skill/0a295163-3e17-47ad-99ac-2b507ce30adb,http://data.europa.eu/esco/skill/dc06de9f-dd3a-4f28-b58f-b01b5ae72ab8,IS_A_SUBSKILL_OF
http://data.europa.eu/esco/skill/32c854c1-6f1f-4f1c-8e4c-368a68a10db3,http://data.europa.eu/esco/skill/0a295163-3e17-47ad-99ac-2b507ce30adb,IS_A_SUBSKILL_OF
http://data.europa.eu/esco/skill/39fa260c-4f85-48e3-83ce-e292e696c233,http://data.europa.eu/esco/skill/0a295163-3e17-47ad-99ac-2b507ce30adb,IS_A_SUBSKILL_OF
http://data.europa.eu/esco/skill/883eab8c-d8a6-4e8b-9b11-7d9001e172ab,http://data.europa.eu/esco/skill/0a295163-3e17-47ad-99ac-2b507ce30adb,IS_A_SUBSKILL_OF
http://data.europa.eu/esco/skill/b2c688b0-9106-466d-8b88-eafdfe608e7d,http://data.europa.eu/esco/skill/0a295163-3e17-47ad-99ac-2b507ce30adb,IS_A_SUBSKILL_OF
http://data.europa.eu/esco/skill/b590d4e5-7c62-4b4a-abc2-c270b482e0ce,http://data.europa.eu/esco/skill/0a295163-3e17-47ad-99ac-2b507ce30adb,IS_A_SUBSKILL_OF
http://data.europa.eu/esco/skill/c34b06c4-d164-4e49-a784-89d47de42ec2,http://data.europa.eu/esco/skill/0a295163-3e17-47ad-99ac-2b507ce30adb,IS_A_SUBSKILL_OF
http://data.europa.eu/esco/skill/24ad2ffb-dece-4704-8155-63ea9428d038,http://data.europa.eu/esco/skill/dc06de9f-dd3a-4f28-b58f-b01b5ae72ab8,IS_A_SUBSKILL_OF
http://data.europa.eu/esco/skill/062a9fde-cd91-44f9-9a2f-9e2bc3b281fd,http://data.europa.eu/esco/skill/24ad2ffb-dece-4704-8155-63ea9428d038,IS_A_SUBSKILL_OF
http://data.europa.eu/esco/skill/08104c27-d4b2-4d40-ae97-dde65e71712f,http://data.europa.eu/esco/skill/24ad2ffb-dece-4704-8155-63ea9428d038,IS_A_SUBSKILL_OF
http://data.europa.eu/esco/skill/103af23e-d56c-47ab-b991-55c94dcdef50,http://data.europa.eu/esco/skill/24ad2ffb-dece-4704-8155-63ea9428d038,IS_A_SUBSKILL_OF
http://data.europa.eu/esco/skill/34691a8a-ec8e-4eaa-b6e7-f4dbf144c644,http://data.europa.eu/esco/skill/24ad2ffb-dece-4704-8155-63ea9428d038,IS_A_SUBSKILL_OF
http://data.europa.eu/esco/skill/62afcfdd-a2a6-4143-bafb-59c77e15a01c,http://data.europa.eu/esco/skill/24ad2ffb-dece-4704-8155-63ea9428d038,IS_A_SUBSKILL_OF
http://data.europa.eu/esco/skill/8c298a9b-e9ea-4396-897d-9aba982df6a0,http://data.europa.eu/esco/skill/24ad2ffb-dece-4704-8155-63ea9428d038,IS_A_SUBSKILL_OF
http://data.europa.eu/esco/skill/b036eb5c-6a48-45b9-b2c6-f42f9e336204,http://data.europa.eu/esco/skill/24ad2ffb-dece-4704-8155-63ea9428d038,IS_A_SUBSKILL_OF
http://data.europa.eu/esco/skill/c75655c3-ed29-441e-b403-4dd65bc891a5,http://data.europa.eu/esco/skill/24ad2ffb-dece-4704-8155-63ea9428d038,IS_A_SUBSKILL_OF
http://data.europa.eu/esco/skill/eb6cc4ba-4bb8-4348-9a3b-dc419558f66a,http://data.europa.eu/esco/skill/24ad2ffb-dece-4704-8155-63ea9428d038,IS_A_SUBSKILL_OF
http://data.europa.eu/esco/skill/efbb3d3b-a41c-4e0a-90a8-8e611eb1db9f,http://data.europa.eu/esco/skill/24ad2ffb-dece-4704-8155-63ea9428d038,IS_A_SUBSKILL_OF
http://data.europa.eu/esco/skill/2f661409-3e56-46ab-95d7-6ec7786fc1c0,http://data.europa.eu/esco/skill/dc06de9f-dd3a-4f28-b58f-b01b5ae72ab8,IS_A_SUBSKILL_OF
http://data.europa.eu/esco/skill/1072f444-8a7d-41c1-aa6f-d536f20d94bf,http://data.europa.eu/esco/skill/2f661409-3e56-46ab-95d7-6ec7786fc1c0,IS_A_SUBSKILL_OF
http://data.europa.eu/esco/skill/6e62e776-fbfa-486c-a6df-58cd239c86fe,http://data.europa.eu/esco/skill/2f661409-3e56-46ab-95d7-6ec7786fc1c0,IS_A_SUBSKILL_OF
http://data.europa.eu/esco/skill/afe3d82e-4a40-4aa4-a4e9-a6097c4a391e,http://data.europa.eu/esco/skill/2f661409-3e56-46ab-95d7-6ec7786fc1c0,IS_A_SUBSKILL_OF
http://data.europa.eu/esco/skill/d12a1be6-d916-436d-8274-ad97b5f24415,http://data.europa.eu/esco/skill/2f661409-3e56-46ab-95d7-6ec7786fc1c0,IS_A_SUBSKILL_OF
http://data.europa.eu/esco/skill/323b3684-86ec-40fa-81b4-bc52694ef168,http://data.europa.eu/esco/skill/dc06de9f-dd3a-4f28-b58f-b01b5ae72ab8,IS_A_SUBSKILL_OF
http://data.europa.eu/esco/skill/0d80a782-99ff-4f49-abbe-c72524c6f390,http://data.europa.eu/esco/skill/323b3684-86ec-40fa-81b4-bc52694ef168,IS_A_SUBSKILL_OF
http://data.europa.eu/esco/skill/0f804e14-001d-4ec0-b3f7-eb6a23ad43cb,http://data.europa.eu/esco/skill/323b3684-86ec-40fa-81b4-bc52694ef168,IS_A_SUBSKILL_OF
http://data.europa.eu/esco/skill/81f29457-6d0d-4f46-9e0a-7295c7c6f090,http://data.europa.eu/esco/skill/323b3684-86ec-40fa-81b4-bc52694ef168,IS_A_SUBSKILL_OF
http://data.europa.eu/esco/skill/9c17f73f-345c-4c55-8b59-47b445941b7b,http://data.europa.eu/esco/skill/323b3684-86ec-40fa-81b4-bc52694ef168,IS_A_SUBSKILL_OF
http://data.europa.eu/esco/skill/3f641516-9846-4a7f-a7f4-e1274eef6688,http://data.europa.eu/esco/skill/dc06de9f-dd3a-4f28-b58f-b01b5ae72ab8,IS_A_SUBSKILL_OF
http://data.europa.eu/esco/skill/8f9f8b20-ff26-4392-b04f-695dcde5b90a,http://data.europa.eu/esco/skill/3f641516-9846-4a7f-a7f4-e1274eef6688,IS_A_SUBSKILL_OF
http://data.europa.eu/esco/skill/ad326fa7-f2e9-4421-8426-bc0c2e167143,http://data.europa.eu/esco/skill/3f641516-9846-4a7f-a7f4-e1274eef6688,IS_A_SUBSKILL_OF
http://data.europa.eu/esco/skill/cdb2aecd-9dca-48fd-8d56-f0aace3ab5a9,http://data.europa.eu/esco/skill/3f641516-9846-4a7f-a7f4-e1274eef6688,IS_A_SUBSKILL_OF
http://data.europa.eu/esco/skill/de884168-32e7-4500-a227-3f0966f962b6,http://data.europa.eu/esco/skill/3f641516-9846-4a7f-a7f4-e1274eef6688,IS_A_SUBSKILL_OF
http://data.europa.eu/esco/skill/548c3fbe-9eb1-4035-bc54-027fd5bc5315,http://data.europa.eu/esco/skill/dc06de9f-dd3a-4f28-b58f-b01b5ae72ab8,IS_A_SUBSKILL_OF
http://data.europa.eu/esco/skill/173fbafb-d2e0-4b89-be1c-548b1cc47160,http://data.europa.eu/esco/skill/548c3fbe-9eb1-4035-bc54-027fd5bc5315,IS_A_SUBSKILL_OF
http://data.europa.eu/esco/skill/23cfb269-eec1-4011-8e57-c86203ce9fd7,http://data.europa.eu/esco/skill/548c3fbe-9eb1-4035-bc54-027fd5bc5315,IS_A_SUBSKILL_OF
http://data.europa.eu/esco/skill/58bd927f-e4cc-4b61-a679-cb91b3f8075a,http://data.europa.eu/esco/skill/548c3fbe-9eb1-4035-bc54-027fd5bc5315,IS_A_SUBSKILL_OF
http://data.europa.eu/esco/skill/8369011d-de43-4800-bcce-be12e19828a5,http://data.europa.eu/esco/skill/548c3fbe-9eb1-4035-bc54-027fd5bc5315,IS_A_SUBSKILL_OF
http://data.europa.eu/esco/skill/91b0b918-942e-4661-b88c-70b9396529e5,http://data.europa.eu/esco/skill/548c3fbe-9eb1-4035-bc54-027fd5bc5315,IS_A_SUBSKILL_OF
http://data.europa.eu/esco/skill/9a540c0f-81c0-4687-a14b-e9196d9af6c0,http://data.europa.eu/esco/skill/548c3fbe-9eb1-4035-bc54-027fd5bc5315,IS_A_SUBSKILL_OF
http://data.europa.eu/esco/skill/e4da156d-a6c4-4b29-935b-eff9c9553cf1,http://data.europa.eu/esco/skill/548c3fbe-9eb1-4035-bc54-027fd5bc5315,IS_A_SUBSKILL_OF
http://data.europa.eu/esco/skill/5770f630-9b25-49f3-9d37-e93ec1799749,http://data.europa.eu/esco/skill/dc06de9f-dd3a-4f28-b58f-b01b5ae72ab8,IS_A_SUBSKILL_OF
http://data.europa.eu/esco/skill/335be43a-3267-400e-b5cb-c9e234dc7544,http://data.europa.eu/esco/skill/5770f630-9b25-49f3-9d37-e93ec1799749,IS_A_SUBSKILL_OF
http://data.europa.eu/esco/skill/3374fb57-056f-49e0-9fc5-000465e13794,http://data.europa.eu/esco/skill/5770f630-9b25-49f3-9d37-e93ec1799749,IS_A_SUBSKILL_OF
http://data.europa.eu/esco/skill/6c4fa8c8-e9e1-49b5-897f-6b61fe649488,http://data.europa.eu/esco/skill/5770f630-9b25-49f3-9d37-e93ec1799749,IS_A_SUBSKILL_OF
http://data.europa.eu/esco/skill/caede8f1-6658-4d78-9eb4-2ad2c7ebf09b,http://data.europa.eu/esco/skill/5770f630-9b25-49f3-9d37-e93ec1799749,IS_A_SUBSKILL_OF
http://data.europa.eu/esco/skill/e2bdf081-333a-414f-b8ac-93c76290f167,http://data.europa.eu/esco/skill/5770f630-9b25-49f3-9d37-e93ec1799749,IS_A_SUBSKILL_OF
http://data.europa.eu/esco/skill/ee2576c0-1af5-44b5-8c0c-2002541d1ccc,http://data.europa.eu/esco/skill/5770f630-9b25-49f3-9d37-e93ec1799749,IS_A_SUBSKILL_OF
http://data.europa.eu/esco/skill/6889a21c-837b-49a2-be61-bb6010ab63f4,http://data.europa.eu/esco/skill/dc06de9f-dd3a-4f28-b58f-b01b5ae72ab8,IS_A_SUBSKILL_OF
http://data.europa.eu/esco/skill/07f47dea-587c-40c0-990a-6c092cc3e6a4,http://data.europa.eu/esco/skill/6889a21c-837b-49a2-be61-bb6010ab63f4,IS_A_SUBSKILL_OF
http://data.europa.eu/esco/skill/31397e38-43b9-43ba-943f-192b834e6b54,http://data.europa.eu/esco/skill/6889a21c-837b-49a2-be61-bb6010ab63f4,IS_A_SUBSKILL_OF
http://data.europa.eu/esco/skill/d46193e0-be7d-4a90-91cc-4caba78e19d0,http://data.europa.eu/esco/skill/6889a21c-837b-49a2-be61-bb6010ab63f4,IS_A_SUBSKILL_OF
http://data.europa.eu/esco/skill/d7d2a468-587b-4a03-a305-e0a399ba69e6,http://data.europa.eu/esco/skill/6889a21c-837b-49a2-be61-bb6010ab63f4,IS_A_SUBSKILL_OF
http://data.europa.eu/esco/skill/85b379e7-e0b7-48b8-baa7-631f50a7cdd5,http://data.europa.eu/esco/skill/dc06de9f-dd3a-4f28-b58f-b01b5ae72ab8,IS_A_SUBSKILL_OF
http://data.europa.eu/esco/skill/ab877a24-335d-4676-b366-c5c06651481a,http://data.europa.eu/esco/skill/85b379e7-e0b7-48b8-baa7-631f50a7cdd5,IS_A_SUBSKILL_OF
http://data.europa.eu/esco/skill/8bbdf1f1-e943-45fc-af2f-1446cbd88245,http://data.europa.eu/esco/skill/dc06de9f-dd3a-4f28-b58f-b01b5ae72ab8,IS_A_SUBSKILL_OF
http://data.europa.eu/esco/skill/03961960-e729-4768-ab0a-49886132f17a,http://data.europa.eu/esco/skill/8bbdf1f1-e943-45fc-af2f-1446cbd88245,IS_A_SUBSKILL_OF
http://data.europa.eu/esco/skill/0c92c33c-2859-4705-87ae-4fdd71d0f8f6,http://data.europa.eu/esco/skill/8bbdf1f1-e943-45fc-af2f-1446cbd88245,IS_A_SUBSKILL_OF
http://data.europa.eu/esco/skill/64aeee4d-3791-4448-8ed8-9b49ad04f2fb,http://data.europa.eu/esco/skill/8bbdf1f1-e943-45fc-af2f-1446cbd88245,IS_A_SUBSKILL_OF
http://data.europa.eu/esco/skill/ac88053e-c9b5-43cf-ace1-f506bcfdc8cb,http://data.europa.eu/esco/skill/dc06de9f-dd3a-4f28-b58f-b01b5ae72ab8,IS_A_SUBSKILL_OF
http://data.europa.eu/esco/skill/395e42b8-f637-4e7e-96d8-9c1976c05d92,http://data.europa.eu/esco/skill/ac88053e-c9b5-43cf-ace1-f506bcfdc8cb,IS_A_SUBSKILL_OF
http://data.europa.eu/esco/skill/3bf93195-5239-4f73-94a6-349be598d462,http://data.europa.eu/esco/skill/ac88053e-c9b5-43cf-ace1-f506bcfdc8cb,IS_A_SUBSKILL_OF
http://data.europa.eu/esco/skill/4781b6b1-07bc-44be-8c2d-de0fa5db4250,http://data.europa.eu/esco/skill/ac88053e-c9b5-43cf-ace1-f506bcfdc8cb,IS_A_SUBSKILL_OF
http://data.europa.eu/esco/skill/f4346da3-f6b2-4389-8a67-7c443b7e1609,http://data.europa.eu/esco/skill/ac88053e-c9b5-43cf-ace1-f506bcfdc8cb,IS_A_SUBSKILL_OF
http://data.europa.eu/esco/skill/b76cd1e5-d5e7-464a-b7bb-4164d3616452,http://data.europa.eu/esco/skill/dc06de9f-dd3a-4f28-b58f-b01b5ae72ab8,IS_A_SUBSKILL_OF
http://data.europa.eu/esco/skill/0a4c5823-8b09-4e6b-95b4-8036ef3b9c4c,http://data.europa.eu/esco/skill/b76cd1e5-d5e7-464a-b7bb-4164d3616452,IS_A_SUBSKILL_OF
http://data.europa.eu/esco/skill/848c0306-8cbe-4693-a275-d99807c0173c,http://data.europa.eu/esco/skill/b76cd1e5-d5e7-464a-b7bb-4164d3616452,IS_A_SUBSKILL_OF
http://data.europa.eu/esco/skill/8a3b45dc-8299-4b67-99db-6542daf79ac3,http://data.europa.eu/esco/skill/b76cd1e5-d5e7-464a-b7bb-4164d3616452,IS_A_SUBSKILL_OF
http://data.europa.eu/esco/skill/a19c5139-1250-4a60-9c31-a3243cca06cc,http://data.europa.eu/esco/skill/b76cd1e5-d5e7-464a-b7bb-4164d3616452,IS_A_SUBSKILL_OF
http://data.europa.eu/esco/skill/af84405b-896d-4ed3-9462-077ea9a2a188,http://data.europa.eu/esco/skill/b76cd1e5-d5e7-464a-b7bb-4164d3616452,IS_A_SUBSKILL_OF
http://data.europa.eu/esco/skill/b99283cd-b908-4100-baa5-112692ac22b8,http://data.europa.eu/esco/skill/dc06de9f-dd3a-4f28-b58f-b01b5ae72ab8,IS_A_SUBSKILL_OF
http://data.europa.eu/esco/skill/663e753c-2fc4-4bf6-9a06-a6ab2d705238,http://data.europa.eu/esco/skill/b99283cd-b908-4100-baa5-112692ac22b8,IS_A_SUBSKILL_OF
http://data.europa.eu/esco/skill/e06f2d35-a160-46c2-89f1-9cae9c93c8b8,http://data.europa.eu/esco/skill/b99283cd-b908-4100-baa5-112692ac22b8,IS_A_SUBSKILL_OF
http://data.europa.eu/esco/skill/efb60300-0d55-4b2c-8038-8409587a4727,http://data.europa.eu/esco/skill/b99283cd-b908-4100-baa5-112692ac22b8,IS_A_SUBSKILL_OF
http://data.europa.eu/esco/skill/fb01d224-882a-4346-99e2-bfd56f52d09c,http://data.europa.eu/esco/skill/b99283cd-b908-4100-baa5-112692ac22b8,IS_A_SUBSKILL_OF
http://data.europa.eu/esco/skill/be7443ff-0747-43b8-8720-8e87fd34e692,http://data.europa.eu/esco/skill/dc06de9f-dd3a-4f28-b58f-b01b5ae72ab8,IS_A_SUBSKILL_OF
http://data.europa.eu/esco/skill/4feed491-dc09-4218-814a-0146e13ef4fe,http://data.europa.eu/esco/skill/be7443ff-0747-43b8-8720-8e87fd34e692,IS_A_SUBSKILL_OF
http://data.europa.eu/esco/skill/a6c3bda0-c759-495e-b2c5-062b3abe2097,http://data.europa.eu/esco/skill/be7443ff-0747-43b8-8720-8e87fd34e692,IS_A_SUBSKILL_OF
http://data.europa.eu/esco/skill/aca5081a-ceb0-4028-9cc5-1daafd4f86f9,http://data.europa.eu/esco/skill/be7443ff-0747-43b8-8720-8e87fd34e692,IS_A_SUBSKILL_OF
http://data.europa.eu/esco/skill/c85f95ae-34fb-487b-b3d5-10803eee619d,http://data.europa.eu/esco/skill/dc06de9f-dd3a-4f28-b58f-b01b5ae72ab8,IS_A_SUBSKILL_OF
http://data.europa.eu/esco/skill/775be776-b6ce-4322-a96f-11b2df84ce07,http://data.europa.eu/esco/skill/c85f95ae-34fb-487b-b3d5-10803eee619d,IS_A_SUBSKILL_OF
http://data.europa.eu/esco/skill/a556a3db-cd48-42a5-825c-f95f6f5ccbfe,http://data.europa.eu/esco/skill/c85f95ae-34fb-487b-b3d5-10803eee619d,IS_A_SUBSKILL_OF
http://data.europa.eu/esco/skill/ab99d9a7-62eb-407b-92f2-bf7992a82004,http://data.europa.eu/esco/skill/c85f95ae-34fb-487b-b3d5-10803eee619d,IS_A_SUBSKILL_OF
http://data.europa.eu/esco/skill/d1815c8a-7755-4fe3-bacf-68bb0b6a0b55,http://data.europa.eu/esco/skill/c85f95ae-34fb-487b-b3d5-10803eee619d,IS_A_SUBSKILL_OF
http://data.europa.eu/esco/skill/021a23e1-907e-4627-b05a-555f889cbb65,http://data.europa.eu/esco/skill/04a13491-b58c-4d33-8b59-8fad0d55fe9e,IS_A_SUBSKILL_OF
http://data.europa.eu/esco/skill/14c41899-0224-4cbc-bd8c-e946ada2da87,http://data.europa.eu/esco/skill/021a23e1-907e-4627-b05a-555f889cbb65,IS_A_SUBSKILL_OF
http://data.europa.eu/esco/skill/2b2c3254-7f6c-47e2-84f1-aece946fbfae,http://data.europa.eu/esco/skill/021a23e1-907e-4627-b05a-555f889cbb65,IS_A_SUBSKILL_OF
http://data.europa.eu/esco/skill/91860993-1a8b-4473-91f3-600aa1924bd0,http://data.europa.eu/esco/skill/021a23e1-907e-4627-b05a-555f889cbb65,IS_A_SUBSKILL_OF
http://data.europa.eu/esco/skill/f5c9eef3-0495-4747-9519-d71a58d252bd,http://data.europa.eu/esco/skill/021a23e1-907e-4627-b05a-555f889cbb65,IS_A_SUBSKILL_OF
http://data.europa.eu/esco/skill/12022223-8c30-418a-8f83-658396c9fec2,http://data.europa.eu/esco/skill/04a13491-b58c-4d33-8b59-8fad0d55fe9e,IS_A_SUBSKILL_OF
http://data.europa.eu/esco/skill/ccb6db6a-8538-431c-b740-5f241bdb71cf,http://data.europa.eu/esco/skill/12022223-8c30-418a-8f83-658396c9fec2,IS_A_SUBSKILL_OF
http://data.europa.eu/esco/skill/e52389a2-1a05-45b0-8db3-4bda0f0c0b48,http://data.europa.eu/esco/skill/12022223-8c30-418a-8f83-658396c9fec2,IS_A_SUBSKILL_OF
http://data.europa.eu/esco/skill/4ef78abc-e983-4cc7-84a1-52532a0159dc,http://data.europa.eu/esco/skill/04a13491-b58c-4d33-8b59-8fad0d55fe9e,IS_A_SUBSKILL_OF
http://data.europa.eu/esco/skill/3d54fec5-d9cb-45a0-bf8d-ffaf3790a5bb,http://data.europa.eu/esco/skill/4ef78abc-e983-4cc7-84a1-52532a0159dc,IS_A_SUBSKILL_OF
http://data.europa.eu/esco/skill/44ff6716-7d71-4a16-821b-61d10e9e290d,http://data.europa.eu/esco/skill/4ef78abc-e983-4cc7-84a1-52532a0159dc,IS_A_SUBSKILL_OF
http://data.europa.eu/esco/skill/6115ff80-3d84-4e87-8e2b-6ede7ee004b4,http://data.europa.eu/esco/skill/4ef78abc-e983-4cc7-84a1-52532a0159dc,IS_A_SUBSKILL_OF
http://data.europa.eu/esco/skill/6c6957bf-cf1f-4483-9c7e-1655f251b01a,http://data.europa.eu/esco/skill/4ef78abc-e983-4cc7-84a1-52532a0159dc,IS_A_SUBSKILL_OF
http://data.europa.eu/esco/skill/80cf002a-6586-4db7-9c9a-88325a9a5e1b,http://data.europa.eu/esco/skill/4ef78abc-e983-4cc7-84a1-52532a0159dc,IS_A_SUBSKILL_OF
http://data.europa.eu/esco/skill/d6e97b91-b75d-45f5-8566-667798957b0f,http://data.europa.eu/esco/skill/4ef78abc-e983-4cc7-84a1-52532a0159dc,IS_A_SUBSKILL_OF
http://data.europa.eu/esco/skill/552c4f35-a2d1-49c2-8fda-afe26695c44a,http://data.europa.eu/esco/skill/04a13491-b58c-4d33-8b59-8fad0d55fe9e,IS_A_SUBSKILL_OF
http://data.europa.eu/esco/skill/036afa6e-cdde-4b38-a53a-8e7910a840e1,http://data.europa.eu/esco/skill/552c4f35-a2d1-49c2-8fda-afe26695c44a,IS_A_SUBSKILL_OF
http://data.europa.eu/esco/skill/6f142deb-03a9-4cd7-94ce-e0f023ae2169,http://data.europa.eu/esco/skill/552c4f35-a2d1-49c2-8fda-afe26695c44a,IS_A_SUBSKILL_OF
http://data.europa.eu/esco/skill/82463bb1-85d1-4e99-a4ce-08508fc3b2a3,http://data.europa.eu/esco/skill/552c4f35-a2d1-49c2-8fda-afe26695c44a,IS_A_SUBSKILL_OF
http://data.europa.eu/esco/skill/925af2b5-2f4d-4cce-92cc-79e1ff887c7d,http://data.europa.eu/esco/skill/552c4f35-a2d1-49c2-8fda-afe26695c44a,IS_A_SUBSKILL_OF
http://data.europa.eu/esco/skill/fe5eabaa-63f6-4c44-b405-fc3ded8d56cb,http://data.europa.eu/esco/skill/552c4f35-a2d1-49c2-8fda-afe26695c44a,IS_A_SUBSKILL_OF
http://data.europa.eu/esco/skill/8267ecb5-c976-4b6a-809b-4ceecb954967,http://data.europa.eu/esco/skill/04a13491-b58c-4d33-8b59-8fad0d55fe9e,IS_A_SUBSKILL_OF
http://data.europa.eu/esco/skill/13d301d0-98cb-414f-a8f9-a3f059228133,http://data.europa.eu/esco/skill/8267ecb5-c976-4b6a-809b-4ceecb954967,IS_A_SUBSKILL_OF
http://data.europa.eu/esco/skill/66fdc34c-2326-4baa-b8ff-7a1d1015fe3a,http://data.europa.eu/esco/skill/8267ecb5-c976-4b6a-809b-4ceecb954967,IS_A_SUBSKILL_OF
http://data.europa.eu/esco/skill/e84d080a-ff6d-41a7-b7b9-133e97c7bf00,http://data.europa.eu/esco/skill/8267ecb5-c976-4b6a-809b-4ceecb954967,IS_A_SUBSKILL_OF
http://data.europa.eu/esco/skill/fff1d675-c36a-4c12-9cd4-407f21ccd06a,http://data.europa.eu/esco/skill/8267ecb5-c976-4b6a-809b-4ceecb954967,IS_A_SUBSKILL_OF
http://data.europa.eu/esco/skill/b94686e3-cce5-47a2-a8d8-402a0d0ed44e,http://data.europa.eu/esco/skill/04a13491-b58c-4d33-8b59-8fad0d55fe9e,IS_A_SUBSKILL_OF
http://data.europa.eu/esco/skill/3399045f-8078-4066-8b46-475b49b260ab,http://data.europa.eu/esco/skill/b94686e3-cce5-47a2-a8d8-402a0d0ed44e,IS_A_SUBSKILL_OF
http://data.europa.eu/esco/skill/9adca63b-9c75-4804-8dab-d62872540a10,http://data.europa.eu/esco/skill/b94686e3-cce5-47a2-a8d8-402a0d0ed44e,IS_A_SUBSKILL_OF
http://data.europa.eu/esco/skill/edc72cfe-78a8-4531-b00f-92992a0bb8cb,http://data.europa.eu/esco/skill/b94686e3-cce5-47a2-a8d8-402a0d0ed44e,IS_A_SUBSKILL_OF
http://data.europa.eu/esco/isced-f/00,http://data.europa.eu/esco/skill/c46fcb45-5c14-4ffa-abed-5a43f104bb22,IS_A_SUBSKILL_OF
http://data.europa.eu/esco/isced-f/000,http://data.europa.eu/esco/isced-f/00,IS_A_SUBSKILL_OF
http://data.europa.eu/esco/isced-f/0000,http://data.europa.eu/esco/isced-f/000,IS_A_SUBSKILL_OF
http://data.europa.eu/esco/isced-f/001,http://data.europa.eu/esco/isced-f/00,IS_A_SUBSKILL_OF
http://data.europa.eu/esco/isced-f/0011,http://data.europa.eu/esco/isced-f/001,IS_A_SUBSKILL_OF
http://data.europa.eu/esco/isced-f/002,http://data.europa.eu/esco/isced-f/00,IS_A_SUBSKILL_OF
http://data.europa.eu/esco/isced-f/0021,http://data.europa.eu/esco/isced-f/002,IS_A_SUBSKILL_OF
http://data.europa.eu/esco/isced-f/003,http://data.europa.eu/esco/isced-f/00,IS_A_SUBSKILL_OF
http://data.europa.eu/esco/isced-f/0031,http://data.europa.eu/esco/isced-f/003,IS_A_SUBSKILL_OF
http://data.europa.eu/esco/isced-f/009,http://data.europa.eu/esco/isced-f/00,IS_A_SUBSKILL_OF
http://data.europa.eu/esco/isced-f/0099,http://data.europa.eu/esco/isced-f/009,IS_A_SUBSKILL_OF
http://data.europa.eu/esco/isced-f/01,http://data.europa.eu/esco/skill/c46fcb45-5c14-4ffa-abed-5a43f104bb22,IS_A_SUBSKILL_OF
http://data.europa.eu/esco/isced-f/011,http://data.europa.eu/esco/isced-f/01,IS_A_SUBSKILL_OF
http://data.europa.eu/esco/isced-f/0110,http://data.europa.eu/esco/isced-f/011,IS_A_SUBSKILL_OF
http://data.europa.eu/esco/isced-f/0111,http://data.europa.eu/esco/isced-f/011,IS_A_SUBSKILL_OF
http://data.europa.eu/esco/isced-f/0112,http://data.europa.eu/esco/isced-f/011,IS_A_SUBSKILL_OF
http://data.europa.eu/esco/isced-f/0113,http://data.europa.eu/esco/isced-f/011,IS_A_SUBSKILL_OF
http://data.europa.eu/esco/isced-f/0114,http://data.europa.eu/esco/isced-f/011,IS_A_SUBSKILL_OF
http://data.europa.eu/esco/isced-f/0119,http://data.europa.eu/esco/isced-f/011,IS_A_SUBSKILL_OF
http://data.europa.eu/esco/isced-f/018,http://data.europa.eu/esco/isced-f/01,IS_A_SUBSKILL_OF
http://data.europa.eu/esco/isced-f/0188,http://data.europa.eu/esco/isced-f/018,IS_A_SUBSKILL_OF
http://data.europa.eu/esco/isced-f/02,http://data.europa.eu/esco/skill/c46fcb45-5c14-4ffa-abed-5a43f104bb22,IS_A_SUBSKILL_OF
http://data.europa.eu/esco/isced-f/020,http://data.europa.eu/esco/isced-f/02,IS_A_SUBSKILL_OF
http://data.europa.eu/esco/isced-f/0200,http://data.europa.eu/esco/isced-f/020,IS_A_SUBSKILL_OF
http://data.europa.eu/esco/isced-f/021,http://data.europa.eu/esco/isced-f/02,IS_A_SUBSKILL_OF
http://data.europa.eu/esco/isced-f/0210,http://data.europa.eu/esco/isced-f/021,IS_A_SUBSKILL_OF
http://data.europa.eu/esco/isced-f/0211,http://data.europa.eu/esco/isced-f/021,IS_A_SUBSKILL_OF
http://data.europa.eu/esco/isced-f/0212,http://data.europa.eu/esco/isced-f/021,IS_A_SUBSKILL_OF
http://data.europa.eu/esco/isced-f/0213,http://data.europa.eu/esco/isced-f/021,IS_A_SUBSKILL_OF
http://data.europa.eu/esco/isced-f/0214,http://data.europa.eu/esco/isced-f/021,IS_A_SUBSKILL_OF
http://data.europa.eu/esco/isced-f/0215,http://data.europa.eu/esco/isced-f/021,IS_A_SUBSKILL_OF
http://data.europa.eu/esco/isced-f/0219,http://data.europa.eu/esco/isced-f/021,IS_A_SUBSKILL_OF
http://data.europa.eu/esco/isced-f/022,http://data.europa.eu/esco/isced-f/02,IS_A_SUBSKILL_OF
http://data.europa.eu/esco/isced-f/0220,http://data.europa.eu/esco/isced-f/022,IS_A_SUBSKILL_OF
http://data.europa.eu/esco/isced-f/0221,http://data.europa.eu/esco/isced-f/022,IS_A_SUBSKILL_OF
http://data.europa.eu/esco/isced-f/0222,http://data.europa.eu/esco/isced-f/022,IS_A_SUBSKILL_OF
http://data.europa.eu/esco/isced-f/0223,http://data.europa.eu/esco/isced-f/022,IS_A_SUBSKILL_OF
http://data.europa.eu/esco/isced-f/0228,http://data.europa.eu/esco/isced-f/022,IS_A_SUBSKILL_OF
http://data.europa.eu/esco/isced-f/0229,http://data.europa.eu/esco/isced-f/022,IS_A_SUBSKILL_OF
http://data.europa.eu/esco/isced-f/023,http://data.europa.eu/esco/isced-f/02,IS_A_SUBSKILL_OF
http://data.europa.eu/esco/isced-f/0230,http://data.europa.eu/esco/isced-f/023,IS_A_SUBSKILL_OF
http://data.europa.eu/esco/isced-f/0231,http://data.europa.eu/esco/isced-f/023,IS_A_SUBSKILL_OF
http://data.europa.eu/esco/isced-f/0232,http://data.europa.eu/esco/isced-f/023,IS_A_SUBSKILL_OF
http://data.europa.eu/esco/isced-f/0239,http://data.europa.eu/esco/isced-f/023,IS_A_SUBSKILL_OF
http://data.europa.eu/esco/isced-f/028,http://data.europa.eu/esco/isced-f/02,IS_A_SUBSKILL_OF
http://data.europa.eu/esco/isced-f/0288,http://data.europa.eu/esco/isced-f/028,IS_A_SUBSKILL_OF
http://data.europa.eu/esco/isced-f/029,http://data.europa.eu/esco/isced-f/02,IS_A_SUBSKILL_OF
http://data.europa.eu/esco/isced-f/0299,http://data.europa.eu/esco/isced-f/029,IS_A_SUBSKILL_OF
http://data.europa.eu/esco/isced-f/03,http://data.europa.eu/esco/skill/c46fcb45-5c14-4ffa-abed-5a43f104bb22,IS_A_SUBSKILL_OF
http://data.europa.eu/esco/isced-f/030,http://data.europa.eu/esco/isced-f/03,IS_A_SUBSKILL_OF
http://data.europa.eu/esco/isced-f/0300,http://data.europa.eu/esco/isced-f/030,IS_A_SUBSKILL_OF
http://data.europa.eu/esco/isced-f/031,http://data.europa.eu/esco/isced-f/03,IS_A_SUBSKILL_OF
http://data.europa.eu/esco/isced-f/0310,http://data.europa.eu/esco/isced-f/031,IS_A_SUBSKILL_OF
http://data.europa.eu/esco/isced-f/0311,http://data.europa.eu/esco/isced-f/031,IS_A_SUBSKILL_OF
http://data.europa.eu/esco/isced-f/0312,http://data.europa.eu/esco/isced-f/031,IS_A_SUBSKILL_OF
http://data.europa.eu/esco/isced-f/0313,http://data.europa.eu/esco/isced-f/031,IS_A_SUBSKILL_OF
http://data.europa.eu/esco/isced-f/0314,http://data.europa.eu/esco/isced-f/031,IS_A_SUBSKILL_OF
http://data.europa.eu/esco/isced-f/0319,http://data.europa.eu/esco/isced-f/031,IS_A_SUBSKILL_OF
http://data.europa.eu/esco/isced-f/032,http://data.europa.eu/esco/isced-f/03,IS_A_SUBSKILL_OF
http://data.europa.eu/esco/isced-f/0320,http://data.europa.eu/esco/isced-f/032,IS_A_SUBSKILL_OF
http://data.europa.eu/esco/isced-f/0321,http://data.europa.eu/esco/isced-f/032,IS_A_SUBSKILL_OF
http://data.europa.eu/esco/isced-f/0322,http://data.europa.eu/esco/isced-f/032,IS_A_SUBSKILL_OF
http://data.europa.eu/esco/isced-f/0329,http://data.europa.eu/esco/isced-f/032,IS_A_SUBSKILL_OF
http://data.europa.eu/esco/isced-f/038,http://data.europa.eu/esco/isced-f/03,IS_A_SUBSKILL_OF
http://data.europa.eu/esco/isced-f/0388,http://data.europa.eu/esco/isced-f/038,IS_A_SUBSKILL_OF
http://data.europa.eu/esco/isced-f/039,http://data.europa.eu/esco/isced-f/03,IS_A_SUBSKILL_OF
http://data.europa.eu/esco/isced-f/0399,http://data.europa.eu/esco/isced-f/039,IS_A_SUBSKILL_OF
http://data.europa.eu/esco/isced-f/04,http://data.europa.eu/esco/skill/c46fcb45-5c14-4ffa-abed-5a43f104bb22,IS_A_SUBSKILL_OF
http://data.europa.eu/esco/isced-f/040,http://data.europa.eu/esco/isced-f/04,IS_A_SUBSKILL_OF
http://data.europa.eu/esco/isced-f/0400,http://data.europa.eu/esco/isced-f/040,IS_A_SUBSKILL_OF
http://data.europa.eu/esco/isced-f/041,http://data.europa.eu/esco/isced-f/04,IS_A_SUBSKILL_OF
http://data.europa.eu/esco/isced-f/0410,http://data.europa.eu/esco/isced-f/041,IS_A_SUBSKILL_OF
http://data.europa.eu/esco/isced-f/0411,http://data.europa.eu/esco/isced-f/041,IS_A_SUBSKILL_OF
http://data.europa.eu/esco/isced-f/0412,http://data.europa.eu/esco/isced-f/041,IS_A_SUBSKILL_OF
http://data.europa.eu/esco/isced-f/0413,http://data.europa.eu/esco/isced-f/041,IS_A_SUBSKILL_OF
http://data.europa.eu/esco/isced-f/0414,http://data.europa.eu/esco/isced-f/041,IS_A_SUBSKILL_OF
http://data.europa.eu/esco/isced-f/0415,http://data.europa.eu/esco/isced-f/041,IS_A_SUBSKILL_OF
http://data.europa.eu/esco/isced-f/0416,http://data.europa.eu/esco/isced-f/041,IS_A_SUBSKILL_OF
http://data.europa.eu/esco/isced-f/0417,http://data.europa.eu/esco/isced-f/041,IS_A_SUBSKILL_OF
http://data.europa.eu/esco/isced-f/0419,http://data.europa.eu/esco/isced-f/041,IS_A_SUBSKILL_OF
http://data.europa.eu/esco/isced-f/042,http://data.europa.eu/esco/isced-f/04,IS_A_SUBSKILL_OF
http://data.europa.eu/esco/isced-f/0421,http://data.europa.eu/esco/isced-f/042,IS_A_SUBSKILL_OF
http://data.europa.eu/esco/isced-f/048,http://data.europa.eu/esco/isced-f/04,IS_A_SUBSKILL_OF
http://data.europa.eu/esco/isced-f/0488,http://data.europa.eu/esco/isced-f/048,IS_A_SUBSKILL_OF
http://data.europa.eu/esco/isced-f/049,http://data.europa.eu/esco/isced-f/04,IS_A_SUBSKILL_OF
http://data.europa.eu/esco/isced-f/0499,http://data.europa.eu/esco/isced-f/049,IS_A_SUBSKILL_OF
http://data.europa.eu/esco/isced-f/05,http://data.europa.eu/esco/skill/c46fcb45-5c14-4ffa-abed-5a43f104bb22,IS_A_SUBSKILL_OF
http://data.europa.eu/esco/isced-f/050,http://data.europa.eu/esco/isced-f/05,IS_A_SUBSKILL_OF
http://data.europa.eu/esco/isced-f/0500,http://data.europa.eu/esco/isced-f/050,IS_A_SUBSKILL_OF
http://data.europa.eu/esco/isced-f/051,http://data.europa.eu/esco/isced-f/05,IS_A_SUBSKILL_OF
http://data.europa.eu/esco/isced-f/0510,http://data.europa.eu/esco/isced-f/051,IS_A_SUBSKILL_OF
http://data.europa.eu/esco/isced-f/0511,http://data.europa.eu/esco/isced-f/051,IS_A_SUBSKILL_OF
http://data.europa.eu/esco/isced-f/0512,http://data.europa.eu/esco/isced-f/051,IS_A_SUBSKILL_OF
http://data.europa.eu/esco/isced-f/0519,http://data.europa.eu/esco/isced-f/051,IS_A_SUBSKILL_OF
http://data.europa.eu/esco/isced-f/052,http://data.europa.eu/esco/isced-f/05,IS_A_SUBSKILL_OF
http://data.europa.eu/esco/isced-f/0520,http://data.europa.eu/esco/isced-f/052,IS_A_SUBSKILL_OF
http://data.europa.eu/esco/isced-f/0521,http://data.europa.eu/esco/isced-f/052,IS_A_SUBSKILL_OF
http://data.europa.eu/esco/isced-f/0522,http://data.europa.eu/esco/isced-f/052,IS_A_SUBSKILL_OF
http://data.europa.eu/esco/isced-f/0529,http://data.europa.eu/esco/isced-f/052,IS_A_SUBSKILL_OF
http://data.europa.eu/esco/isced-f/053,http://data.europa.eu/esco/isced-f/05,IS_A_SUBSKILL_OF
http://data.europa.eu/esco/isced-f/0530,http://data.europa.eu/esco/isced-f/053,IS_A_SUBSKILL_OF
http://data.europa.eu/esco/isced-f/0531,http://data.europa.eu/esco/isced-f/053,IS_A_SUBSKILL_OF
http://data.europa.eu/esco/isced-f/0532,http://data.europa.eu/esco/isced-f/053,IS_A_SUBSKILL_OF
http://data.europa.eu/esco/isced-f/0533,http://data.europa.eu/esco/isced-f/053,IS_A_SUBSKILL_OF
http://data.europa.eu/esco/isced-f/0539,http://data.europa.eu/esco/isced-f/053,IS_A_SUBSKILL_OF
http://data.europa.eu/esco/isced-f/054,http://data.europa.eu/esco/isced-f/05,IS_A_SUBSKILL_OF
http://data.europa.eu/esco/isced-f/0540,http://data.europa.eu/esco/isced-f/054,IS_A_SUBSKILL_OF
http://data.europa.eu/esco/isced-f/0541,http://data.europa.eu/esco/isced-f/054,IS_A_SUBSKILL_OF
http://data.europa.eu/esco/isced-f/0542,http://data.europa.eu/esco/isced-f/054,IS_A_SUBSKILL_OF
http://data.europa.eu/esco/isced-f/058,http://data.europa.eu/esco/isced-f/05,IS_A_SUBSKILL_OF
http://data.europa.eu/esco/isced-f/0588,http://data.europa.eu/esco/isced-f/058,IS_A_SUBSKILL_OF
http://data.europa.eu/esco/isced-f/059,http://data.europa.eu/esco/isced-f/05,IS_A_SUBSKILL_OF
http://data.europa.eu/esco/isced-f/0599,http://data.europa.eu/esco/isced-f/059,IS_A_SUBSKILL_OF
http://data.europa.eu/esco/isced-f/06,http://data.europa.eu/esco/skill/c46fcb45-5c14-4ffa-abed-5a43f104bb22,IS_A_SUBSKILL_OF
http://data.europa.eu/esco/isced-f/061,http://data.europa.eu/esco/isced-f/06,IS_A_SUBSKILL_OF
http://data.europa.eu/esco/isced-f/0610,http://data.europa.eu/esco/isced-f/061,IS_A_SUBSKILL_OF
http://data.europa.eu/esco/isced-f/0611,http://data.europa.eu/esco/isced-f/061,IS_A_SUBSKILL_OF
http://data.europa.eu/esco/isced-f/0612,http://data.europa.eu/esco/isced-f/061,IS_A_SUBSKILL_OF
http://data.europa.eu/esco/isced-f/0613,http://data.europa.eu/esco/isced-f/061,IS_A_SUBSKILL_OF
http://data.europa.eu/esco/isced-f/0619,http://data.europa.eu/esco/isced-f/061,IS_A_SUBSKILL_OF
http://data.europa.eu/esco/isced-f/068,http://data.europa.eu/esco/isced-f/06,IS_A_SUBSKILL_OF
http://data.europa.eu/esco/isced-f/0688,http://data.europa.eu/esco/isced-f/068,IS_A_SUBSKILL_OF
http://data.europa.eu/esco/isced-f/07,http://data.europa.eu/esco/skill/c46fcb45-5c14-4ffa-abed-5a43f104bb22,IS_A_SUBSKILL_OF
http://data.europa.eu/esco/isced-f/070,http://data.europa.eu/esco/isced-f/07,IS_A_SUBSKILL_OF
http://data.europa.eu/esco/isced-f/0700,http://data.europa.eu/esco/isced-f/070,IS_A_SUBSKILL_OF
http://data.europa.eu/esco/isced-f/071,http://data.europa.eu/esco/isced-f/07,IS_A_SUBSKILL_OF
http://data.europa.eu/esco/isced-f/0710,http://data.europa.eu/esco/isced-f/071,IS_A_SUBSKILL_OF
http://data.europa.eu/esco/isced-f/0711,http://data.europa.eu/esco/isced-f/071,IS_A_SUBSKILL_OF
http://data.europa.eu/esco/isced-f/0712,http://data.europa.eu/esco/isced-f/071,IS_A_SUBSKILL_OF
http://data.europa.eu/esco/isced-f/0713,http://data.europa.eu/esco/isced-f/071,IS_A_SUBSKILL_OF
http://data.europa.eu/esco/isced-f/0714,http://data.europa.eu/esco/isced-f/071,IS_A_SUBSKILL_OF
http://data.europa.eu/esco/isced-f/0715,http://data.europa.eu/esco/isced-f/071,IS_A_SUBSKILL_OF
http://data.europa.eu/esco/isced-f/0716,http://data.europa.eu/esco/isced-f/071,IS_A_SUBSKILL_OF
http://data.europa.eu/esco/isced-f/0719,http://data.europa.eu/esco/isced-f/071,IS_A_SUBSKILL_OF
http://data.europa.eu/esco/isced-f/072,http://data.europa.eu/esco/isced-f/07,IS_A_SUBSKILL_OF
http://data.europa.eu/esco/isced-f/0720,http://data.europa.eu/esco/isced-f/072,IS_A_SUBSKILL_OF
http://data.europa.eu/esco/isced-f/0721,http://data.europa.eu/esco/isced-f/072,IS_A_SUBSKILL_OF
http://data.europa.eu/esco/isced-f/0722,http://data.europa.eu/esco/isced-f/072,IS_A_SUBSKILL_OF
http://data.europa.eu/esco/isced-f/0723,http://data.europa.eu/esco/isced-f/072,IS_A_SUBSKILL_OF
http://data.europa.eu/esco/isced-f/0724,http://data.europa.eu/esco/isced-f/072,IS_A_SUBSKILL_OF
http://data.europa.eu/esco/isced-f/0729,http://data.europa.eu/esco/isced-f/072,IS_A_SUBSKILL_OF
http://data.europa.eu/esco/isced-f/073,http://data.europa.eu/esco/isced-f/07,IS_A_SUBSKILL_OF
http://data.europa.eu/esco/isced-f/0730,http://data.europa.eu/esco/isced-f/073,IS_A_SUBSKILL_OF
http://data.europa.eu/esco/isced-f/0731,http://data.europa.eu/esco/isced-f/073,IS_A_SUBSKILL_OF
http://data.europa.eu/esco/isced-f/0732,http://data.europa.eu/esco/isced-f/073,IS_A_SUBSKILL_OF
http://data.europa.eu/esco/isced-f/078,http://data.europa.eu/esco/isced-f/07,IS_A_SUBSKILL_OF
http://data.europa.eu/esco/isced-f/0788,http://data.europa.eu/esco/isced-f/078,IS_A_SUBSKILL_OF
http://data.europa.eu/esco/isced-f/079,http://data.europa.eu/esco/isced-f/07,IS_A_SUBSKILL_OF
http://data.europa.eu/esco/isced-f/0799,http://data.europa.eu/esco/isced-f/079,IS_A_SUBSKILL_OF
http://data.europa.eu/esco/isced-f/08,http://data.europa.eu/esco/skill/c46fcb45-5c14-4ffa-abed-5a43f104bb22,IS_A_SUBSKILL_OF
http://data.europa.eu/esco/isced-f/080,http://data.europa.eu/esco/isced-f/08,IS_A_SUBSKILL_OF
http://data.europa.eu/esco/isced-f/0800,http://data.europa.eu/esco/isced-f/080,IS_A_SUBSKILL_OF
http://data.europa.eu/esco/isced-f/081,http://data.europa.eu/esco/isced-f/08,IS_A_SUBSKILL_OF
http://data.europa.eu/esco/isced-f/0810,http://data.europa.eu/esco/isced-f/081,IS_A_SUBSKILL_OF
http://data.europa.eu/esco/isced-f/0811,http://data.europa.eu/esco/isced-f/081,IS_A_SUBSKILL_OF
http://data.europa.eu/esco/isced-f/0812,http://data.europa.eu/esco/isced-f/081,IS_A_SUBSKILL_OF
http://data.europa.eu/esco/isced-f/0819,http://data.europa.eu/esco/isced-f/081,IS_A_SUBSKILL_OF
http://data.europa.eu/esco/isced-f/082,http://data.europa.eu/esco/isced-f/08,IS_A_SUBSKILL_OF
http://data.europa.eu/esco/isced-f/0821,http://data.europa.eu/esco/isced-f/082,IS_A_SUBSKILL_OF
http://data.europa.eu/esco/isced-f/083,http://data.europa.eu/esco/isced-f/08,IS_A_SUBSKILL_OF
http://data.europa.eu/esco/isced-f/0831,http://data.europa.eu/esco/isced-f/083,IS_A_SUBSKILL_OF
http://data.europa.eu/esco/isced-f/084,http://data.europa.eu/esco/isced-f/08,IS_A_SUBSKILL_OF
http://data.europa.eu/esco/isced-f/0841,http://data.europa.eu/esco/isced-f/084,IS_A_SUBSKILL_OF
http://data.europa.eu/esco/isced-f/088,http://data.europa.eu/esco/isced-f/08,IS_A_SUBSKILL_OF
http://data.europa.eu/esco/isced-f/0888,http://data.europa.eu/esco/isced-f/088,IS_A_SUBSKILL_OF
http://data.europa.eu/esco/isced-f/089,http://data.europa.eu/esco/isced-f/08,IS_A_SUBSKILL_OF
http://data.europa.eu/esco/isced-f/0899,http://data.europa.eu/esco/isced-f/089,IS_A_SUBSKILL_OF
http://data.europa.eu/esco/isced-f/09,http://data.europa.eu/esco/skill/c46fcb45-5c14-4ffa-abed-5a43f104bb22,IS_A_SUBSKILL_OF
http://data.europa.eu/esco/isced-f/090,http://data.europa.eu/esco/isced-f/09,IS_A_SUBSKILL_OF
http://data.europa.eu/esco/isced-f/0900,http://data.europa.eu/esco/isced-f/090,IS_A_SUBSKILL_OF
http://data.europa.eu/esco/isced-f/091,http://data.europa.eu/esco/isced-f/09,IS_A_SUBSKILL_OF
http://data.europa.eu/esco/isced-f/0910,http://data.europa.eu/esco/isced-f/091,IS_A_SUBSKILL_OF
http://data.europa.eu/esco/isced-f/0911,http://data.europa.eu/esco/isced-f/091,IS_A_SUBSKILL_OF
http://data.europa.eu/esco/isced-f/0912,http://data.europa.eu/esco/isced-f/091,IS_A_SUBSKILL_OF
http://data.europa.eu/esco/isced-f/0913,http://data.europa.eu/esco/isced-f/091,IS_A_SUBSKILL_OF
http://data.europa.eu/esco/isced-f/0914,http://data.europa.eu/esco/isced-f/091,IS_A_SUBSKILL_OF
http://data.europa.eu/esco/isced-f/0915,http://data.europa.eu/esco/isced-f/091,IS_A_SUBSKILL_OF
http://data.europa.eu/esco/isced-f/0916,http://data.europa.eu/esco/isced-f/091,IS_A_SUBSKILL_OF
http://data.europa.eu/esco/isced-f/0917,http://data.europa.eu/esco/isced-f/091,IS_A_SUBSKILL_OF
http://data.europa.eu/esco/isced-f/0919,http://data.europa.eu/esco/isced-f/091,IS_A_SUBSKILL_OF
http://data.europa.eu/esco/isced-f/092,http://data.europa.eu/esco/isced-f/09,IS_A_SUBSKILL_OF
http://data.europa.eu/esco/isced-f/0920,http://data.europa.eu/esco/isced-f/092,IS_A_SUBSKILL_OF
http://data.europa.eu/esco/isced-f/0921,http://data.europa.eu/esco/isced-f/092,IS_A_SUBSKILL_OF
http://data.europa.eu/esco/isced-f/0922,http://data.europa.eu/esco/isced-f/092,IS_A_SUBSKILL_OF
http://data.europa.eu/esco/isced-f/0923,http://data.europa.eu/esco/isced-f/092,IS_A_SUBSKILL_OF
http://data.europa.eu/esco/isced-f/0929,http://data.europa.eu/esco/isced-f/092,IS_A_SUBSKILL_OF
http://data.europa.eu/esco/isced-f/098,http://data.europa.eu/esco/isced-f/09,IS_A_SUBSKILL_OF
http://data.europa.eu/esco/isced-f/0988,http://data.europa.eu/esco/isced-f/098,IS_A_SUBSKILL_OF
http://data.europa.eu/esco/isced-f/099,http://data.europa.eu/esco/isced-f/09,IS_A_SUBSKILL_OF
http://data.europa.eu/esco/isced-f/0999,http://data.europa.eu/esco/isced-f/099,IS_A_SUBSKILL_OF
http://data.europa.eu/esco/isced-f/10,http://data.europa.eu/esco/skill/c46fcb45-5c14-4ffa-abed-5a43f104bb22,IS_A_SUBSKILL_OF
http://data.europa.eu/esco/isced-f/100,http://data.europa.eu/esco/isced-f/10,IS_A_SUBSKILL_OF
http://data.europa.eu/esco/isced-f/1000,http://data.europa.eu/esco/isced-f/100,IS_A_SUBSKILL_OF
http://data.europa.eu/esco/isced-f/101,http://data.europa.eu/esco/isced-f/10,IS_A_SUBSKILL_OF
http://data.europa.eu/esco/isced-f/1010,http://data.europa.eu/esco/isced-f/101,IS_A_SUBSKILL_OF
http://data.europa.eu/esco/isced-f/1011,http://data.europa.eu/esco/isced-f/101,IS_A_SUBSKILL_OF
http://data.europa.eu/esco/isced-f/1012,http://data.europa.eu/esco/isced-f/101,IS_A_SUBSKILL_OF
http://data.europa.eu/esco/isced-f/1013,http://data.europa.eu/esco/isced-f/101,IS_A_SUBSKILL_OF
http://data.europa.eu/esco/isced-f/1014,http://data.europa.eu/esco/isced-f/101,IS_A_SUBSKILL_OF
http://data.europa.eu/esco/isced-f/1015,http://data.europa.eu/esco/isced-f/101,IS_A_SUBSKILL_OF
http://data.europa.eu/esco/isced-f/1019,http://data.europa.eu/esco/isced-f/101,IS_A_SUBSKILL_OF
http://data.europa.eu/esco/isced-f/102,http://data.europa.eu/esco/isced-f/10,IS_A_SUBSKILL_OF
http://data.europa.eu/esco/isced-f/1020,http://data.europa.eu/esco/isced-f/102,IS_A_SUBSKILL_OF
http://data.europa.eu/esco/isced-f/1021,http://data.europa.eu/esco/isced-f/102,IS_A_SUBSKILL_OF
http://data.europa.eu/esco/isced-f/1022,http://data.europa.eu/esco/isced-f/102,IS_A_SUBSKILL_OF
http://data.europa.eu/esco/isced-f/1029,http://data.europa.eu/esco/isced-f/102,IS_A_SUBSKILL_OF
http://data.europa.eu/esco/isced-f/103,http://data.europa.eu/esco/isced-f/10,IS_A_SUBSKILL_OF
http://data.europa.eu/esco/isced-f/1030,http://data.europa.eu/esco/isced-f/103,IS_A_SUBSKILL_OF
http://data.europa.eu/esco/isced-f/1031,http://data.europa.eu/esco/isced-f/103,IS_A_SUBSKILL_OF
http://data.europa.eu/esco/isced-f/1032,http://data.europa.eu/esco/isced-f/103,IS_A_SUBSKILL_OF
http://data.europa.eu/esco/isced-f/1039,http://data.europa.eu/esco/isced-f/103,IS_A_SUBSKILL_OF
http://data.europa.eu/esco/isced-f/104,http://data.europa.eu/esco/isced-f/10,IS_A_SUBSKILL_OF
http://data.europa.eu/esco/isced-f/1041,http://data.europa.eu/esco/isced-f/104,IS_A_SUBSKILL_OF
http://data.europa.eu/esco/isced-f/108,http://data.europa.eu/esco/isced-f/10,IS_A_SUBSKILL_OF
http://data.europa.eu/esco/isced-f/1088,http://data.europa.eu/esco/isced-f/108,IS_A_SUBSKILL_OF
http://data.europa.eu/esco/isced-f/109,http://data.europa.eu/esco/isced-f/10,IS_A_SUBSKILL_OF
http://data.europa.eu/esco/isced-f/1099,http://data.europa.eu/esco/isced-f/109,IS_A_SUBSKILL_OF
http://data.europa.eu/esco/isced-f/99,http://data.europa.eu/esco/skill/c46fcb45-5c14-4ffa-abed-5a43f104bb22,IS_A_SUBSKILL_OF
http://data.europa.eu/esco/isced-f/999,http://data.europa.eu/esco/isced-f/99,IS_A_SUBSKILL_OF
http://data.europa.eu/esco/isced-f/9999,http://data.europa.eu/esco/isced-f/999,IS_A_SUBSKILL_OF
